"nterm","cterm","seq"
"GCQCQWN","YFHTKT","GCQCQWNSYFHTKT"
"CNPCTCNCR","FQDTRTQYR","CNPCTCNCRSFQDTRTQYR"
"NEGCYCNYF","QFKTHTQEW","NEGCYCNYFSQFKTHTQEW"
"HVCTCCT","WHEWHTQWR","HVCTCCTSWHEWHTQWR"
"QQHTHCQC","GYNCYTQ","QQHTHCQCSGYNCYTQ"
"AIKTCGQQN","FQGCRTQC","AIKTCGQQNSFQGCRTQC"
"QCCFF","QRKF","QCCFFSQRKF"
"HPCYCRRR","YCMTPT","HPCYCRRRSYCMTPT"
"HNCC","KPQC","HNCCSKPQC"
"CCHQT","KCCWH","CCHQTSKCCWH"
"CDNITPCPY","RWFCQTQP","CDNITPCPYSRWFCQTQP"
"CTFRC","WRWTKT","CTFRCSWRWTKT"
"ELFC","RQVCFWQ","ELFCSRQVCFWQ"
"QDKRC","CCMWHTE","QDKRCSCCMWHTE"
"TGRFCA","HRFYR","TGRFCASHRFYR"
"HICCQA","HYAC","HICCQASHYAC"
"FQQET","RGFTG","FQQETSRGFTG"
"EHFI","DCDCYN","EHFISDCDCYN"
"KITWCKW","WCYFQT","KITWCKWSWCYFQT"
"CAETNN","NQRCKYNC","CAETNNSNQRCKYNC"
"GFGH","KFITRTNY","GFGHSKFITRTNY"
"NPTCDIKC","HRWWCTCC","NPTCDIKCSHRWWCTCC"
"VCTLCYQA","KCQCGT","VCTLCYQASKCQCGT"
"QRCM","YPLKRYQ","QRCMSYPLKRYQ"
"WCDP","RCYFFQ","WCDPSRCYFFQ"
"DNYC","GMFC","DNYCSGMFC"
"RRQTYKI","WRFTQTDV","RRQTYKISWRFTQTDV"
"TLGTDF","VFCHCTCIC","TLGTDFSVFCHCTCIC"
"NKCIPEYTI","HQAC","NKCIPEYTISHQAC"
"FCGC","KMVYKDN","FCGCSKMVYKDN"
"CCCRNM","LCWRH","CCCRNMSLCWRH"
"TMDVKT","AIACCF","TMDVKTSAIACCF"
"FHCR","VYVF","FHCRSVYVF"
"ANPVIKFQV","LMYTY","ANPVIKFQVSLMYTY"
"WECRC","NPFKHTRPF","WECRCSNPFKHTRPF"
"TQQTF","ARNK","TQQTFSARNK"
"EQCMWTWL","ICPCGWNC","EQCMWTWLSICPCGWNC"
"CHKV","REYTCNEA","CHKVSREYTCNEA"
"HDGCT","IEIYHTWD","HDGCTSIEIYHTWD"
"GFEI","EIFCNTHL","GFEISEIFCNTHL"
"EVNC","HEETYTCV","EVNCSHEETYTCV"
"TTRIQYGN","LDKY","TTRIQYGNSLDKY"
"FTCDGWG","LDWHCENQ","FTCDGWGSLDWHCENQ"
"HAACGTL","VLVCP","HAACGTLSVLVCP"
"PTKFPDE","MNWQ","PTKFPDESMNWQ"
"ICCGHCKE","VDCG","ICCGHCKESVDCG"
"QEGQC","HDYYKTKWC","QEGQCSHDYYKTKWC"
"IYPHD","WDMCKT","IYPHDSWDMCKT"
"WTTDNCD","KCWHCYQ","WTTDNCDSKCWHCYQ"
"HQHTE","IEQQYT","HQHTESIEQQYT"
"THACGFD","AIMK","THACGFDSAIMK"
"PVTWNA","IDYTNNK","PVTWNASIDYTNNK"
"GHELCDTRE","IEVCLTYCR","GHELCDTRESIEVCLTYCR"
"PGVW","VMYYREC","PGVWSVMYYREC"
"CENTKYAED","ADRCE","CENTKYAEDSADRCE"
"CIEPLI","REANVFQV","CIEPLISREANVFQV"
"HTMWYGD","MDYT","HTMWYGDSMDYT"
"TDPVE","IEFWHTEAN","TDPVESIEFWHTEAN"
"YYCPIC","RWAKLQHPC","YYCPICSRWAKLQHPC"
"CQCKE","MDCQE","CQCKESMDCQE"
"QGLHRRME","CIFCGTYMK","QGLHRRMESCIFCGTYMK"
"GWAE","LDNH","GWAESLDNH"
"WTTHMDGAM","VCYGT","WTTHMDGAMSVCYGT"
"IEPFT","FRVFDY","IEPFTSFRVFDY"
"FCQWGME","HDYLCT","FCQWGMESHDYLCT"
"CTGCACD","MAIIA","CTGCACDSMAIIA"
"HENRDPNL","IEEADTC","HENRDPNLSIEEADTC"
"VFKAD","VDYTAE","VFKADSVDYTAE"
"NPRQQME","RELM","NPRQQMESRELM"
"CECLC","FMPIDKRT","CECLCSFMPIDKRT"
"LVPPLE","NDFFETQ","LVPPLESNDFFETQ"
"LTGRD","LDICTQ","LTGRDSLDICTQ"
"TTDGAE","LEFKMFD","TTDGAESLEFKMFD"
"WCFLI","IAWMVTCL","WCFLISIAWMVTCL"
"QLPCNKGTH","KPVQC","QLPCNKGTHSKPVQC"
"RRLYPVD","LECPDHK","RRLYPVDSLECPDHK"
"FYHQGNE","MEYM","FYHQGNESMEYM"
"NTAMCTED","AENMWTNCY","NTAMCTEDSAENMWTNCY"
"GDCTCECMI","ADKTK","GDCTCECMISADKTK"
"QPDFME","KDAMEKNTC","QPDFMESKDAMEKNTC"
"VTTQHGKLM","LQYILDTVN","VTTQHGKLMSLQYILDTVN"
"IDGIE","ACFMDT","IDGIESACFMDT"
"TVYGLD","RIDCAYILR","TVYGLDSRIDCAYILR"
"DQHD","AELHTNRKP","DQHDSAELHTNRKP"
"KDCTKPGY","MEAMNTM","KDCTKPGYSMEAMNTM"
"YMRTAME","KDCVIKFA","YMRTAMESKDCVIKFA"
"EPEFGAD","VVWW","EPEFGADSVVWW"
"KTMDTAC","EDQC","KTMDTACSEDQC"
"CPME","IWVQDRT","CPMESIWVQDRT"
"RCQYTD","VDWLHTT","RCQYTDSVDWLHTT"
"QQQTWYPAE","WCWVDD","QQQTWYPAESWCWVDD"
"EEHVA","KEWHMQ","EEHVASKEWHMQ"
"CPTNPCCCN","IAKMCTQC","CPTNPCCCNSIAKMCTQC"
"QPYE","VDMITYIT","QPYESVDMITYIT"
"PYLD","IKTMKKT","PYLDSIKTMKKT"
"EDGMC","LETTDTEI","EDGMCSLETTDTEI"
"YDGLVMDAV","GETCLH","YDGLVMDAVSGETCLH"
"FMKE","HILVDTMF","FMKESHILVDTMF"
"CCTRHPAD","IDTNP","CCTRHPADSIDTNP"
"EGNT","INTVMEC","EGNTSINTVMEC"
"ALYCDIGVD","RDYGEYI","ALYCDIGVDSRDYGEYI"
"ARAP","LENYATH","ARAPSLENYATH"
"YDEFIE","IEFITRWM","YDEFIESIEFITRWM"
"NMCPVL","NCWID","NMCPVLSNCWID"
"TDKNQGME","VETHVGA","TDKNQGMESVETHVGA"
"HTACICED","AAEAYTN","HTACICEDSAAEAYTN"
"NPQKMGRE","REMCMQ","NPQKMGRESREMCMQ"
"NEHCDFYMD","WDTLDW","NEHCDFYMDSWDTLDW"
"PPME","MDTVT","PPMESMDTVT"
"GTNTDDTAD","IYWFDTK","GTNTDDTADSIYWFDTK"
"WPLCHLD","IATM","WPLCHLDSIATM"
"APIC","LEMIVR","APICSLEMIVR"
"TANIA","FPIHR","TANIASFPIHR"
"NETHEDME","REPTDRTPH","NETHEDMESREPTDRTPH"
"CMTPQE","IDTGCN","CMTPQESIDTGCN"
"CVCIEFPTE","MTWADTM","CVCIEFPTESMTWADTM"
"TKELGWA","MDTCV","TKELGWASMDTCV"
"LKRIDECCE","KICWDDTAC","LKRIDECCESKICWDDTAC"
"LWLY","VDYN","LWLYSVDYN"
"QIRPIE","CDTLQ","QIRPIESCDTLQ"
"ERKE","ICTAT","ERKESICTAT"
"LEVV","LRTT","LEVVSLRTT"
"HDWWDWMVC","KEFIKTCCG","HDWWDWMVCSKEFIKTCCG"
"FPAE","VELVV","FPAESVELVV"
"TTGNGGR","RITALH","TTGNGGRSRITALH"
"ETDTKAKVD","LDWNEPMQW","ETDTKAKVDSLDWNEPMQW"
"PNIPWDI","VTTCPTIIN","PNIPWDISVTTCPTIIN"
"GYHQEGLE","VDTKL","GYHQEGLESVDTKL"
"VCGME","VDNVCWQCT","VCGMESVDNVCWQCT"
"MCIE","MYHI","MCIESMYHI"
"CAGHE","VDMY","CAGHESVDMY"
"PRCPDEQVE","KMTVE","PRCPDEQVESKMTVE"
"ECFCYVT","WCTVTTDVC","ECFCYVTSWCTVTTDVC"
"NEIDAE","DDTCEYKK","NEIDAESDDTCEYKK"
"HTIV","RMWAIRT","HTIVSRMWAIRT"
"QNTIIPNC","LDCRLTWY","QNTIIPNCSLDCRLTWY"
"MKNPLD","AETV","MKNPLDSAETV"
"CDEGIE","VDAL","CDEGIESVDAL"
"CGTDIKWD","TTTVDMIT","CGTDIKWDSTTTVDMIT"
"IRQEDGDM","QEMVKK","IRQEDGDMSQEMVKK"
"TIVACKD","HETTD","TIVACKDSHETTD"
"ERTDQLE","MGYNTGI","ERTDQLESMGYNTGI"
"GYIE","TEYMV","GYIESTEYMV"
"TDYGMD","KITY","TDYGMDSKITY"
"WGLTGAD","LEDT","WGLTGADSLEDT"
"CTHLACF","YTTGWVNMQ","CTHLACFSYTTGWVNMQ"
"KWEAGMM","LDTLDEKA","KWEAGMMSLDTLDEKA"
"QDTCPQPVE","IHWCRL","QDTCPQPVESIHWCRL"
"CTPNCEDTE","LDTMITA","CTPNCEDTESLDTMITA"
"DIECPQL","TDNR","DIECPQLSTDNR"
"KWHDYTMC","INYV","KWHDYTMCSINYV"
"QTVAHVE","CITF","QTVAHVESCITF"
"ARIWID","VDMMDQ","ARIWIDSVDMMDQ"
"QCNNEWHM","IDTNIITDG","QCNNEWHMSIDTNIITDG"
"KADPAE","RTYITHT","KADPAESRTYITHT"
"YMGID","TELME","YMGIDSTELME"
"RDID","HETCMT","RDIDSHETCMT"
"TTDYGPC","LVTTDAALY","TTDYGPCSLVTTDAALY"
"VGKAG","RETIWW","VGKAGSRETIWW"
"DMCAE","VCFA","DMCAESVCFA"
"QTNPMT","TENHHLC","QTNPMTSTENHHLC"
"WDECCVPME","FTLLCTQVK","WDECCVPMESFTLLCTQVK"
"MMQD","VDRVMRIG","MMQDSVDRVMRIG"
"VCTPDCGLE","TLTMEM","VCTPDCGLESTLTMEM"
"VGCIEEMN","KETQLLTCT","VGCIEEMNSKETQLLTCT"
"TFMDCGVE","MEWCDTA","TFMDCGVESMEWCDTA"
"KEPYE","IICID","KEPYESIICID"
"EPRV","TDTKLDR","EPRVSTDTKLDR"
"RNDYFVI","METMMVETC","RNDYFVISMETMMVETC"
"EVCTD","IFYPR","EVCTDSIFYPR"
"RKNYIGYME","ATPWEMVK","RKNYIGYMESATPWEMVK"
"TDAPID","TETATRNI","TDAPIDSTETATRNI"
"QQDKAQTDD","ICTL","QQDKAQTDDSICTL"
"TPLQIE","GEIH","TPLQIESGEIH"
"LTRLE","IMIMEQH","LTRLESIMIMEQH"
"HYPIC","RDYTPT","HYPICSRDYTPT"
"QCAPMW","IETCQ","QCAPMWSIETCQ"
"DDCR","IEWLI","DDCRSIEWLI"
"YPEAGME","TTTLDMTMH","YPEAGMESTTTLDMTMH"
"CGTTKDCKE","VHTA","CGTTKDCKESVHTA"
"CEKPNI","MDLNDTATQ","CEKPNISMDLNDTATQ"
"IQAKAE","EITW","IQAKAESEITW"
"DQCFEQAVE","TETCTVPCG","DQCFEQAVESTETCTVPCG"
"KLVVPLD","MEYALYAA","KLVVPLDSMEYALYAA"
"PQTDGIV","HEYACG","PQTDGIVSHEYACG"
"WCYTD","FDTHID","WCYTDSFDTHID"
"EYNEE","TCTFTICV","EYNEESTCTFTICV"
"IGMI","LIIM","IGMISLIIM"
"IPVE","RTTAARTWC","IPVESRTTAARTWC"
"TEDDAE","LEEMHLW","TEDDAESLEEMHLW"
"TCCIFHIE","MNCGDT","TCCIFHIESMNCGDT"
"ETKRDFKC","TDFLEAVL","ETKRDFKCSTDFLEAVL"
"ECPPGE","LGTV","ECPPGESLGTV"
"EIGVE","QDTCDQQC","EIGVESQDTCDQQC"
"EEEVGFM","AELND","EEEVGFMSAELND"
"CCLD","HETTLTA","CCLDSHETTLTA"
"MRIVQTIT","LDWVC","MRIVQTITSLDWVC"
"CGIGAD","IDTLLCT","CGIGADSIDTLLCT"
"AEIV","TCTCRVG","AEIVSTCTCRVG"
"DGLD","TVRK","DGLDSTVRK"
"DHLQE","TWTYD","DHLQESTWTYD"
"GHFTLEGLD","VEYIQRKTT","GHFTLEGLDSVEYIQRKTT"
"QKEKHD","ATLLYTCP","QKEKHDSATLLYTCP"
"TWLV","WDQIIY","TWLVSWDQIIY"
"ECGCD","HMTI","ECGCDSHMTI"
"CEEAWGIC","IVFCTI","CEEAWGICSIVFCTI"
"PCGFMD","KTLMIHM","PCGFMDSKTLMIHM"
"LNTTEMNEP","TETNDV","LNTTEMNEPSTETNDV"
"EQHNLGIY","AETPGTTI","EQHNLGIYSAETPGTTI"
"TPDTWGMI","VETVTD","TPDTWGMISVETVTD"
"RCDDVCHD","IEYV","RCDDVCHDSIEYV"
"YGTQLNPLD","TDTTLA","YGTQLNPLDSTDTTLA"
"EEMQ","RKLTHTNNW","EEMQSRKLTHTNNW"
"QQFTDVHQD","ITYCDV","QQFTDVHQDSITYCDV"
"FVGMK","LDTHM","FVGMKSLDTHM"
"DREPAD","AEMI","DREPADSAEMI"
"DVMCGV","TLTWDR","DVMCGVSTLTWDR"
"IDMEPTTD","LDCL","IDMEPTTDSLDCL"
"WLCWLD","WETQDQV","WLCWLDSWETQDQV"
"IKDALIC","ACQM","IKDALICSACQM"
"GCLENAE","HDTMA","GCLENAESHDTMA"
"DWGAD","TAWATIDVT","DWGADSTAWATIDVT"
"DHTCRGYE","VDMCHIP","DHTCRGYESVDMCHIP"
"EPLD","IDTA","EPLDSIDTA"
"AHMGLV","TNDWIGK","AHMGLVSTNDWIGK"
"NDMEHD","MEWREYTC","NDMEHDSMEWREYTC"
"KIEECFLD","KTGAE","KIEECFLDSKTGAE"
"EHNV","RLTICRPH","EHNVSRLTICRPH"
"EPTDMD","MFTVWTVT","EPTDMDSMFTVWTVT"
"AYGCE","VTTTIMLVC","AYGCESVTTTIMLVC"
"DQGLD","VEWEAMFI","DQGLDSVEWEAMFI"
"QPHITMD","TDTPDC","QPHITMDSTDTPDC"
"EPIC","ADFIDL","EPICSADFIDL"
"IIWHT","CITLLTHVN","IIWHTSCITLLTHVN"
"RTETTIRVE","RDAVTFN","RTETTIRVESRDAVTFN"
"CWCQLCIL","TPTQEKV","CWCQLCILSTPTQEKV"
"EEIGED","ILRYLTPW","EEIGEDSILRYLTPW"
"DCGTE","TETKDAIMP","DCGTESTETKDAIMP"
"EPVE","NETVDE","EPVESNETVDE"
"TYYWIY","MCFCKVT","TYYWIYSMCFCKVT"
"NRMPVE","FVMVC","NRMPVESFVMVC"
"CLADERLVE","IEFIDT","CLADERLVESIEFIDT"
"DFKVLNDMI","TDTMTM","DFKVLNDMISTDTMTM"
"KCFPWD","VETKIIN","KCFPWDSVETKIIN"
"LECAL","EENMGTAD","LECALSEENMGTAD"
"EELNHD","MTIQIPG","EELNHDSMTIQIPG"
"ETDKMYLD","TETGDKCT","ETDKMYLDSTETGDKCT"
"GEPAD","RDCMH","GEPADSRDCMH"
"DPPMC","HCTTQIRPK","DPPMCSHCTTQIRPK"
"MHPE","LDTMLQ","MHPESLDTMLQ"
"DCECV","MTWA","DCECVSMTWA"
"NDFHEGAD","IRTCAWTAF","NDFHEGADSIRTCAWTAF"
"HVCLLGDE","TEIW","HVCLLGDESTEIW"
"PFPETPFLM","MDYI","PFPETPFLMSMDYI"
"LPMD","TDYVE","LPMDSTDYVE"
"WIIETQE","MIVVCMDCQ","WIIETQESMIVVCMDCQ"
"TNDRPIE","MDTRTTAL","TNDRPIESMDTRTTAL"
"NPMG","RYTWEA","NPMGSRYTWEA"
"EEAVI","LETNDRA","EEAVISLETNDRA"
"THKD","GDTCILTRG","THKDSGDTCILTRG"
"CTQWPMD","AEWLKIVL","CTQWPMDSAEWLKIVL"
"AGVC","TALMLWPMK","AGVCSTALMLWPMK"
"TNGDDCTD","NTTMFT","TNGDDCTDSNTTMFT"
"GADCIEIE","FCHV","GADCIEIESFCHV"
"HLVGIE","VEFTDQW","HLVGIESVEFTDQW"
"NDTEFWQE","ADTRICKC","NDTEFWQESADTRICKC"
"EEGKT","HQNVILMTC","EEGKTSHQNVILMTC"
"MQRCRAV","TTYTET","MQRCRAVSTTYTET"
"DWPVD","MDDCTDGI","DWPVDSMDDCTDGI"
"DMHYWN","TETNIRTNT","DMHYWNSTETNIRTNT"
"LFCCYCGVD","MDTITVQTC","LFCCYCGVDSMDTITVQTC"
"MLINAD","MATADTV","MLINADSMATADTV"
"QDPMENGAY","VITLHLTC","QDPMENGAYSVITLHLTC"
"WKDDIDMD","KDIFMA","WKDDIDMDSKDIFMA"
"TDTLD","TKVMD","TDTLDSTKVMD"
"IGVM","KTFLEKK","IGVMSKTFLEKK"
"LTGTIQH","MEGC","LTGTIQHSMEGC"
"IMPHC","AETIDTNI","IMPHCSAETIDTNI"
"RPHLD","TMFPCPTP","RPHLDSTMFPCPTP"
"WTHQDPID","LDTKPIPVG","WTHQDPIDSLDTKPIPVG"
"WQCAWCE","HCTVI","WQCAWCESHCTVI"
"VCTTADCEE","LECRNFLW","VCTTADCEESLECRNFLW"
"HGDRFEGD","LPTAVD","HGDRFEGDSLPTAVD"
"CEVPID","YDVVKIC","CEVPIDSYDVVKIC"
"YLFIMGMI","KMYFTA","YLFIMGMISKMYFTA"
"DEQWAD","TDTQERFR","DEQWADSTDTQERFR"
"CMDEDCPAI","METC","CMDEDCPAISMETC"
"QPDGHKE","TDVTETI","QPDGHKESTDVTETI"
"YTCTTWCMC","AEWVILIAT","YTCTTWCMCSAEWVILIAT"
"DPTD","KLTA","DPTDSKLTA"
"DFEELQLA","MDMR","DFEELQLASMDMR"
"FMGAD","MDTIERQTH","FMGADSMDTIERQTH"
"HIMEGQD","TTWAIT","HIMEGQDSTTWAIT"
"WTNKDDMD","IFNVDC","WTNKDDMDSIFNVDC"
"IGIE","KCEFYIDV","IGIESKCEFYIDV"
"EDEHGAT","METVRTRC","EDEHGATSMETVRTRC"
"GWLTIPKRD","VEFETYL","GWLTIPKRDSVEFETYL"
"CDQTML","TMTVIMPA","CDQTMLSTMTVIMPA"
"KTIECIGVE","METNDN","KTIECIGVESMETNDN"
"WNMEVIL","METVDPC","WNMEVILSMETVDPC"
