"","nterm","cterm","AAseq","method"
"84","SMWCMD","SVTMMMTT","SMWCMDSSVTMMMTT","type1_old_addin_1"
"399","ACENYAE","MEQLRPIVW","ACENYAESMEQLRPIVW","type1_new_addin_5"
"405","TECMGCD","IESLFFDI","TECMGCDSIESLFFDI","type1_new_addin_5"
"53","QREPVE","TDVVTTS","QREPVESTDVVTTS","type1_old_addin_1"
"269","ICMAGVD","MEYAE","ICMAGVDSMEYAE","type1_new_addin_1"
"172","WTHDGIE","SITQ","WTHDGIESSITQ","type1_old_addin_10"
"373","SHVPVA","LDWVDTIVC","SHVPVASLDWVDTIVC","type1_new_addin_5"
"370","EIPDE","VETSTYHPH","EIPDESVETSTYHPH","type1_new_addin_5"
"379","YVDVDGLI","RDSMS","YVDVDGLISRDSMS","type1_new_addin_5"
"253","SWAEAEGKE","MDSMTTIV","SWAEAEGKESMDSMTTIV","type1_new_addin_1"
"60","FINCDCLD","LETAS","FINCDCLDSLETAS","type1_old_addin_1"
"275","CFGTTNPMD","MESV","CFGTTNPMDSMESV","type1_new_addin_1"
"46","YLTKCPMD","TDTCTSSPD","YLTKCPMDSTDTCTSSPD","type1_old_addin_1"
"26","FNHDGLE","HLVHSS","FNHDGLESHLVHSS","type1_old_addin_1"
"319","CVENNA","MCYFRTNW","CVENNASMCYFRTNW","type1_new_addin_5"
"2","TYYNCDPLC","WAACTTTCT","TYYNCDPLCSWAACTTTCT","type1_old_addin_1"
"294","DFYTV","AELAS","DFYTVSAELAS","type1_new_addin_1"
"129","QRFCCC","YMLCS","QRFCCCSYMLCS","type1_old_addin_10"
"162","HWCVE","WLMC","HWCVESWLMC","type1_old_addin_10"
"43","CEGLD","YAVCSTST","CEGLDSYAVCSTST","type1_old_addin_1"
"130","SWFQCDGVD","TLTHCDN","SWFQCDGVDSTLTHCDN","type1_old_addin_10"
"65","TYFTCDPID","RDYL","TYFTCDPIDSRDYL","type1_old_addin_1"
"19","TFYQRDGVC","EITVVVSSE","TFYQRDGVCSEITVVVSSE","type1_old_addin_1"
"93","SRECMD","SDTA","SRECMDSSDTA","type1_old_addin_1"
"68","NHYPAE","SESITS","NHYPAESSESITS","type1_old_addin_1"
"382","EPAA","IEWIEV","EPAASIEWIEV","type1_new_addin_5"
"161","WYSCDGAD","MESLATT","WYSCDGADSMESLATT","type1_old_addin_10"
"83","AQREPVE","KETL","AQREPVESKETL","type1_old_addin_1"
"321","PLIESKI","ACWFHE","PLIESKISACWFHE","type1_new_addin_5"
"16","TSFNREPCE","EISQSS","TSFNREPCESEISQSS","type1_old_addin_1"
"283","ADEDRAE","IDSLWTDI","ADEDRAESIDSLWTDI","type1_new_addin_1"
"138","TYATRDCME","LDSVASSC","TYATRDCMESLDSVASSC","type1_old_addin_10"
"137","SSINKDGME","IVTQ","SSINKDGMESIVTQ","type1_old_addin_10"
"100","SHPPLE","IDTHVA","SHPPLESIDTHVA","type1_old_addin_1"
"268","ASMEGKE","IVTAES","ASMEGKESIVTAES","type1_new_addin_1"
"98","CYGID","IETC","CYGIDSIETC","type1_old_addin_1"
"290","APVE","VASVESQ","APVESVASVESQ","type1_new_addin_1"
"406","SKRSMQPLD","AETV","SKRSMQPLDSAETV","type1_new_addin_5"
"62","SHCPAE","VDALVSQST","SHCPAESVDALVSQST","type1_old_addin_1"
"115","TWFQHFCLE","HVACT","TWFQHFCLESHVACT","type1_old_addin_10"
"81","AQIYGCE","LETCSA","AQIYGCESLETCSA","type1_old_addin_1"
"224","HGKIRHHA","MGFHHT","HGKIRHHASMGFHHT","type1_new_addin_1"
"329","DPSA","HDYALMRGR","DPSASHDYALMRGR","type1_new_addin_5"
"85","MNCNPIE","VITQA","MNCNPIESVITQA","type1_old_addin_1"
"136","NKECMD","YVVC","NKECMDSYVVC","type1_old_addin_10"
"354","IVLVKDM","MEYK","IVLVKDMSMEYK","type1_new_addin_5"
"249","DPII","AATAR","DPIISAATAR","type1_new_addin_1"
"110","TYQKDCVD","RMVCTT","TYQKDCVDSRMVCTT","type1_old_addin_10"
"45","CDCME","SATCSSTCD","CDCMESSATCSSTCD","type1_old_addin_1"
"64","SYVTREGAD","RESLLIT","SYVTREGADSRESLLIT","type1_old_addin_1"
"171","QKYPME","TDFHALTC","QKYPMESTDFHALTC","type1_old_addin_10"
"159","TFLQRDPMD","LESC","TFLQRDPMDSLESC","type1_old_addin_10"
"408","QFDVTNI","AEKH","QFDVTNISAEKH","type1_new_addin_5"
"314","SKCERVDFP","AVTM","SKCERVDFPSAVTM","type1_new_addin_1"
"262","MELKRE","KDAKETA","MELKRESKDAKETA","type1_new_addin_1"
"377","SDNKH","FFHT","SDNKHSFFHT","type1_new_addin_5"
"312","EEMGAD","IHTADM","EEMGADSIHTADM","type1_new_addin_1"
"206","ECMD","SDSVVMS","ECMDSSDSVVMS","type1_old_addin_10"
"167","WMNKFPVD","TETMS","WMNKFPVDSTETMS","type1_old_addin_10"
"255","TADIDPLL","AETYESQ","TADIDPLLSAETYESQ","type1_new_addin_1"
"141","WFSKYPVE","KVSNCE","WFSKYPVESKVSNCE","type1_old_addin_10"
"91","QLEGLD","VEYMSLT","QLEGLDSVEYMSLT","type1_old_addin_1"
"79","QRWGAD","VEVK","QRWGADSVEVK","type1_old_addin_1"
"187","KFPVD","SESMSDSG","KFPVDSSESMSDSG","type1_old_addin_10"
"107","TTYNKDPME","KALCTSQ","TTYNKDPMESKALCTSQ","type1_old_addin_10"
"356","MGAD","AVTMRSK","MGADSAVTMRSK","type1_new_addin_5"
"170","SFLSRFGLD","ADTC","SFLSRFGLDSADTC","type1_old_addin_10"
"355","FMDQYYTV","MDAMHSQ","FMDQYYTVSMDAMHSQ","type1_new_addin_5"
"334","EDHYE","MFYVHNK","EDHYESMFYVHNK","type1_new_addin_5"
"295","AEDLGME","LETREMMVR","AEDLGMESLETREMMVR","type1_new_addin_1"
"346","YRDIFTMD","MNWVTDRIM","YRDIFTMDSMNWVTDRIM","type1_new_addin_5"
"144","QKFCIC","SAILS","QKFCICSSAILS","type1_old_addin_10"
"231","SDPRM","GEWSH","SDPRMSGEWSH","type1_new_addin_1"
"236","THYAVGRL","MDWF","THYAVGRLSMDWF","type1_new_addin_1"
"362","FIEMVYIL","VLRVES","FIEMVYILSVLRVES","type1_new_addin_5"
"184","YPME","HMVCTS","YPMESHMVCTS","type1_old_addin_10"
"327","NKVSVRRI","IEWR","NKVSVRRISIEWR","type1_new_addin_5"
"419","WINEFWAD","YDTADIA","WINEFWADSYDTADIA","type1_new_addin_5"
"173","REPIE","TAMNST","REPIESTAMNST","type1_old_addin_10"
"235","HVRRD","VESKMVMLK","HVRRDSVESKMVMLK","type1_new_addin_1"
"47","HDGAE","TILNSDTTS","HDGAESTILNSDTTS","type1_old_addin_1"
"339","DRFPKE","VPFMLIHIC","DRFPKESVPFMLIHIC","type1_new_addin_5"
"36","WMQKDPLE","ADSCMSTCD","WMQKDPLESADSCMSTCD","type1_old_addin_1"
"409","VLPAE","LDSKDM","VLPAESLDSKDM","type1_new_addin_5"
"276","MEGVA","HESID","MEGVASHESID","type1_new_addin_1"
"175","HEPID","TITCTS","HEPIDSTITCTS","type1_old_addin_10"
"186","TWLTKDPVE","VESVI","TWLTKDPVESVESVI","type1_old_addin_10"
"125","TFNCDCAD","KMAC","TFNCDCADSKMAC","type1_old_addin_10"
"226","MFKM","IDVMHS","MFKMSIDVMHS","type1_new_addin_1"
"341","EIWRM","ADILDSNAC","EIWRMSADILDSNAC","type1_new_addin_5"
"198","ADGVD","LAMLCLSC","ADGVDSLAMLCLSC","type1_old_addin_10"
"102","CPID","SDSLLVNGD","CPIDSSDSLLVNGD","type1_old_addin_1"
"302","TFIDGAQ","LQIW","TFIDGAQSLQIW","type1_new_addin_1"
"239","GSEYPKE","VGYLR","GSEYPKESVGYLR","type1_new_addin_1"
"300","TVLPPRD","HDSFDPAI","TVLPPRDSHDSFDPAI","type1_new_addin_1"
"87","NVEPVD","SVTMMS","NVEPVDSSVTMMS","type1_old_addin_1"
"313","CLNEIGLV","LEEVVV","CLNEIGLVSLEEVVV","type1_new_addin_1"
"336","GMADGRL","PDFTH","GMADGRLSPDFTH","type1_new_addin_5"
"306","EDFLLPVD","LDLVS","EDFLLPVDSLDLVS","type1_new_addin_1"
"1","STWNKDCVD","YIICTSS","STWNKDCVDSYIICTSS","type1_old_addin_1"
"165","YPID","SAVHCSSCC","YPIDSSAVHCSSCC","type1_old_addin_10"
"74","TYLSKEGID","SDSLV","TYLSKEGIDSSDSLV","type1_old_addin_1"
"411","SHYVPQD","IDAYFTLVT","SHYVPQDSIDAYFTLVT","type1_new_addin_5"
"414","ANCMEWP","LATMKM","ANCMEWPSLATMKM","type1_new_addin_5"
"325","WDHFL","YCYYH","WDHFLSYCYYH","type1_new_addin_5"
"378","TPALHEGRD","IVSM","TPALHEGRDSIVSM","type1_new_addin_5"
"82","YVQHEDMD","MESA","YVQHEDMDSMESA","type1_old_addin_1"
"147","WQREGLE","SDSAMSN","WQREGLESSDSAMSN","type1_old_addin_10"
"351","MVHIE","LDFMHSL","MVHIESLDFMHSL","type1_new_addin_5"
"210","CQPCMERHV","VCWSHENLS","CQPCMERHVSVCWSHENLS","type1_new_addin_1"
"347","MAIMPHY","KAWVELN","MAIMPHYSKAWVELN","type1_new_addin_5"
"297","FIDVLKYH","MEMIEEEL","FIDVLKYHSMEMIEEEL","type1_new_addin_1"
"192","TADPAD","VESMISNSS","TADPADSVESMISNSS","type1_old_addin_10"
"174","DGAE","FIAQTST","DGAESFIAQTST","type1_old_addin_10"
"215","ACDDWKV","ADWHK","ACDDWKVSADWHK","type1_new_addin_1"
"221","DLDHAFLA","HEWWHILIC","DLDHAFLASHEWWHILIC","type1_new_addin_1"
"326","CDRVLEHQV","YNWTKTEM","CDRVLEHQVSYNWTKTEM","type1_new_addin_5"
"364","YQPDMDQDI","WCFIDYAI","YQPDMDQDISWCFIDYAI","type1_new_addin_5"
"413","EDGID","HETAE","EDGIDSHETAE","type1_new_addin_5"
"227","YIDDVHIV","LEFMHT","YIDDVHIVSLEFMHT","type1_new_addin_1"
"387","AVKME","LEYLDTM","AVKMESLEYLDTM","type1_new_addin_5"
"160","TFLQCDPME","SDTMIT","TFLQCDPMESSDTMIT","type1_old_addin_10"
"33","KFCVD","YLLCTST","KFCVDSYLLCTST","type1_old_addin_1"
"332","PKVVGHL","LEFF","PKVVGHLSLEFF","type1_new_addin_5"
"240","MDIPKV","LLAHWT","MDIPKVSLLAHWT","type1_new_addin_1"
"289","DWAK","MDFLLLL","DWAKSMDFLLLL","type1_new_addin_1"
"258","VQGMA","VDFSE","VQGMASVDFSE","type1_new_addin_1"
"14","WYNHEPAD","SATKSTSSC","WYNHEPADSSATKSTSSC","type1_old_addin_1"
"151","YGMD","FMLCSSTC","YGMDSFMLCSSTC","type1_old_addin_10"
"365","CYSCDMGLD","LEYLDTLPT","CYSCDMGLDSLEYLDTLPT","type1_new_addin_5"
"403","YFDEDGIN","INVFETMI","YFDEDGINSINVFETMI","type1_new_addin_5"
"6","TWFNHDPAD","YVLNTSTSC","TWFNHDPADSYVLNTSTSC","type1_old_addin_1"
"145","NKDCAD","KVAC","NKDCADSKVAC","type1_old_addin_10"
"375","SFEYAIHKE","HEGHSE","SFEYAIHKESHEGHSE","type1_new_addin_5"
"195","DPAE","HAMCS","DPAESHAMCS","type1_old_addin_10"
"178","CFGME","YDGMAITTC","CFGMESYDGMAITTC","type1_old_addin_10"
"386","VDVDPLD","MCSV","VDVDPLDSMCSV","type1_new_addin_5"
"200","FPAE","TLTCS","FPAESTLTCS","type1_old_addin_10"
"188","REPAE","FMSILT","REPAESFMSILT","type1_old_addin_10"
"176","REGMD","EAARS","REGMDSEAARS","type1_old_addin_10"
"103","YEIE","VESAVDEG","YEIESVESAVDEG","type1_old_addin_1"
"360","GPQL","VETWKTNM","GPQLSVETWKTNM","type1_new_addin_5"
"271","EVDVL","REYKII","EVDVLSREYKII","type1_new_addin_1"
"27","QRYCCD","YAACT","QRYCCDSYAACT","type1_old_addin_1"
"415","YEEIPVE","HDLADYL","YEEIPVESHDLADYL","type1_new_addin_5"
"124","SWWSKWGAE","WATATTT","SWWSKWGAESWATATTT","type1_old_addin_10"
"169","HDPAD","TLSNTSS","HDPADSTLSNTSS","type1_old_addin_10"
"349","WGLM","ICTMLAH","WGLMSICTMLAH","type1_new_addin_5"
"154","YMQRYPIC","VASMLS","YMQRYPICSVASMLS","type1_old_addin_10"
"134","HYCME","KMMCSSS","HYCMESKMMCSSS","type1_old_addin_10"
"265","AEPQD","CDWSKTL","AEPQDSCDWSKTL","type1_new_addin_1"
"243","CCVPMI","LDFVDY","CCVPMISLDFVDY","type1_new_addin_1"
"11","TWNHWCMD","KIVCSST","TWNHWCMDSKIVCSST","type1_old_addin_1"
"292","REEAGIV","MDTIT","REEAGIVSMDTIT","type1_new_addin_1"
"95","ACEMD","MEMMVSSCT","ACEMDSMEMMVSSCT","type1_old_addin_1"
"385","DPGHD","KESFLAN","DPGHDSKESFLAN","type1_new_addin_5"
"166","QKCGAE","LETCLTST","QKCGAESLETCLTST","type1_old_addin_10"
"123","YFQCDPCD","EATNTTTG","YFQCDPCDSEATNTTTG","type1_old_addin_10"
"189","FNMCPLD","KLSQ","FNMCPLDSKLSQ","type1_old_addin_10"
"42","RFCIE","EMACTST","RFCIESEMACTST","type1_old_addin_1"
"301","YRDELPNE","LEIFD","YRDELPNESLEIFD","type1_new_addin_1"
"86","YCMC","SAMMT","YCMCSSAMMT","type1_old_addin_1"
"50","CEGIE","FVLHTSN","CEGIESFVLHTSN","type1_old_addin_1"
"185","KYPAE","HMVC","KYPAESHMVC","type1_old_addin_10"
"238","YFNDMHKE","REPHDTLVH","YFNDMHKESREPHDTLVH","type1_new_addin_1"
"266","NYLEDMFMI","MLHMENR","NYLEDMFMISMLHMENR","type1_new_addin_1"
"242","WETEDPVI","AEYIKTL","WETEDPVISAEYIKTL","type1_new_addin_1"
"345","IIHML","LCTYDSAAT","IIHMLSLCTYDSAAT","type1_new_addin_5"
"234","TDWHIL","IEFVETNL","TDWHILSIEFVETNL","type1_new_addin_1"
"39","WYNHFPVE","RMAQ","WYNHFPVESRMAQ","type1_old_addin_1"
"119","SWYQCYGAD","SAACSS","SWYQCYGADSSAACSS","type1_old_addin_10"
"384","MMPHD","FDTPEENLH","MMPHDSFDTPEENLH","type1_new_addin_5"
"202","WPID","AEVHS","WPIDSAEVHS","type1_old_addin_10"
"199","EPLE","REWAIMSCS","EPLESREWAIMSCS","type1_old_addin_10"
"274","QTVAPFVM","VEWL","QTVAPFVMSVEWL","type1_new_addin_1"
"418","KETDKPAD","MWAA","KETDKPADSMWAA","type1_new_addin_5"
"217","NHFL","VDWSKTQV","NHFLSVDWSKTQV","type1_new_addin_1"
"89","MTRCGVD","SDSMMASP","MTRCGVDSSDSMMASP","type1_old_addin_1"
"30","TWYTRFPLE","RMTITS","TWYTRFPLESRMTITS","type1_old_addin_1"
"24","NHFCIC","KLICTST","NHFCICSKLICTST","type1_old_addin_1"
"25","NHDGAD","TVLNTSSCC","NHDGADSTVLNTSSCC","type1_old_addin_1"
"164","HEPAD","TDLLVTSCS","HEPADSTDLLVTSCS","type1_old_addin_10"
"142","QRYCAE","KIIC","QRYCAESKIIC","type1_old_addin_10"
"317","CLDRKI","LCWH","CLDRKISLCWH","type1_new_addin_5"
"372","MRRE","AESKDSL","MRRESAESKDSL","type1_new_addin_5"
"88","HYPLE","FMTA","HYPLESFMTA","type1_old_addin_1"
"78","HEGID","FVTICT","HEGIDSFVTICT","type1_old_addin_1"
"371","QFLMVHFIE","KCWASFAI","QFLMVHFIESKCWASFAI","type1_new_addin_5"
"307","KPAE","IYAIDQN","KPAESIYAIDQN","type1_new_addin_1"
"149","KDGME","TLINTTTS","KDGMESTLINTTTS","type1_old_addin_10"
"264","DCDEGVL","MDTI","DCDEGVLSMDTI","type1_new_addin_1"
"250","CFTQDWGLV","VCTMDMLM","CFTQDWGLVSVCTMDMLM","type1_new_addin_1"
"15","YNRECIE","KLVCSTT","YNRECIESKLVCSTT","type1_old_addin_1"
"128","TWSRECVD","HMTAST","TWSRECVDSHMTAST","type1_old_addin_10"
"380","TWLQTVPPD","VIMKD","TWLQTVPPDSVIMKD","type1_new_addin_5"
"376","WYSMEQGMV","VDWT","WYSMEQGMVSVDWT","type1_new_addin_5"
"322","DHCEMGHA","IDLYHSQ","DHCEMGHASIDLYHSQ","type1_new_addin_5"
"70","HWGVE","HIIKS","HWGVESHIIKS","type1_old_addin_1"
"41","WAQKEPME","SATNVASCE","WAQKEPMESSATNVASCE","type1_old_addin_1"
"94","FCIE","SEMLMATC","FCIESSEMLMATC","type1_old_addin_1"
"392","APQM","IEYM","APQMSIEYM","type1_new_addin_5"
"225","CSDQHK","WWHTR","CSDQHKSWWHTR","type1_new_addin_1"
"315","CDGCMDQRI","ACWWYTNAT","CDGCMDQRISACWWYTNAT","type1_new_addin_5"
"17","FTRWCAE","KIMCSTSP","FTRWCAESKIMCSTSP","type1_old_addin_1"
"241","PNVVGGD","VAIRFLHLS","PNVVGGDSVAIRFLHLS","type1_new_addin_1"
"212","RCMESHV","ICFWH","RCMESHVSICFWH","type1_new_addin_1"
"193","QCCGAE","IDMIAIT","QCCGAESIDMIAIT","type1_old_addin_10"
"108","YNRFCLD","FMVCSTSC","YNRFCLDSFMVCSTSC","type1_old_addin_10"
"101","RDDLC","LDTAA","RDDLCSLDTAA","type1_old_addin_1"
"246","PFSDDEGHE","RLTSH","PFSDDEGHESRLTSH","type1_new_addin_1"
"118","TWYQKDPLD","HVMHTT","TWYQKDPLDSHVMHTT","type1_old_addin_10"
"320","VDRCI","IWYTHTQ","VDRCISIWYTHTQ","type1_new_addin_5"
"29","ANCWPVD","SATCLSTCS","ANCWPVDSSATCLSTCS","type1_old_addin_1"
"73","SHEGVE","LDSVIVNSE","SHEGVESLDSVIVNSE","type1_old_addin_1"
"383","LEAGHV","MDSV","LEAGHVSMDSV","type1_new_addin_5"
"190","YMSHDDMD","IDTLT","YMSHDDMDSIDTLT","type1_old_addin_10"
"245","CHGADVGKM","IDAWF","CHGADVGKMSIDAWF","type1_new_addin_1"
"20","WNRDCLE","HIVCTT","WNRDCLESHIVCTT","type1_old_addin_1"
"285","AGAL","ADTRE","AGALSADTRE","type1_new_addin_1"
"305","MAGVD","RDILI","MAGVDSRDILI","type1_new_addin_1"
"201","DPLE","SLTQCMT","DPLESSLTQCMT","type1_old_addin_10"
"156","ASHDPVE","FDSALLTTC","ASHDPVESFDSALLTTC","type1_old_addin_10"
"72","WLNVEGAD","IIIVL","WLNVEGADSIIIVL","type1_old_addin_1"
"342","QRDMEPHE","MDTADMRMR","QRDMEPHESMDTADMRMR","type1_new_addin_5"
"75","HDGAD","SDACASE","HDGADSSDACASE","type1_old_addin_1"
"353","TSLEVMPVL","LDYATTV","TSLEVMPVLSLDYATTV","type1_new_addin_5"
"104","DPAE","SLSI","DPAESSLSI","type1_old_addin_1"
"251","AMKMA","MCSYDIAMC","AMKMASMCSYDIAMC","type1_new_addin_1"
"203","YCIE","TMSIML","YCIESTMSIML","type1_old_addin_10"
"177","YYNHCGAD","TESV","YYNHCGADSTESV","type1_old_addin_10"
"400","IWCDDNPIM","MDSIKVMV","IWCDDNPIMSMDSIKVMV","type1_new_addin_5"
"8","TTFNHEGIE","HMVCTSST","TTFNHEGIESHMVCTSST","type1_old_addin_1"
"76","MTCDPVD","TISCC","MTCDPVDSTISCC","type1_old_addin_1"
"252","ILDWGA","LFERR","ILDWGASLFERR","type1_new_addin_1"
"133","DCIE","EILCTSSTC","DCIESEILCTSSTC","type1_old_addin_10"
"34","TYTIFPMD","WEPATLSTC","TYTIFPMDSWEPATLSTC","type1_old_addin_1"
"121","WYQCFGAD","RIIKTTS","WYQCFGADSRIIKTTS","type1_old_addin_10"
"205","CPGLE","ADSHLDQ","CPGLESADSHLDQ","type1_old_addin_10"
"23","YNRWGAD","RILCCST","YNRWGADSRILCCST","type1_old_addin_1"
"279","EDQFID","LDQMSTKY","EDQFIDSLDQMSTKY","type1_new_addin_1"
"182","KWCLD","SDMIAST","KWCLDSSDMIAST","type1_old_addin_10"
"209","DDAC","AETI","DDACSAETI","type1_old_addin_10"
"350","ADAENMD","MMSAHLQAS","ADAENMDSMMSAHLQAS","type1_new_addin_5"
"140","ECIE","YMICSSSC","ECIESYMICSSSC","type1_old_addin_10"
"374","IGLD","VEFSTITIT","IGLDSVEFSTITIT","type1_new_addin_5"
"207","CDAE","ADAVMIST","CDAESADAVMIST","type1_old_addin_10"
"132","WQREPAE","SVTHTS","WQREPAESSVTHTS","type1_old_addin_10"
"272","RLRAERYD","LWWME","RLRAERYDSLWWME","type1_new_addin_1"
"4","TYWNKEPAD","HIICTSSTT","TYWNKEPADSHIICTSSTT","type1_old_addin_1"
"343","WWGKA","VEYM","WWGKASVEYM","type1_new_addin_5"
"153","DCAE","FAICTTS","DCAESFAICTTS","type1_old_addin_10"
"388","DHVE","ACTVEQ","DHVESACTVEQ","type1_new_addin_5"
"229","CDNGIL","LAWVAVN","CDNGILSLAWVAVN","type1_new_addin_1"
"340","ETRFKMV","MDWLETLLC","ETRFKMVSMDWLETLLC","type1_new_addin_5"
"44","TISHDGAD","YETACMSTC","TISHDGADSYETACMSTC","type1_old_addin_1"
"391","SMDEGIE","LDYH","SMDEGIESLDYH","type1_new_addin_5"
"338","SYGDHFTME","HMTADSKYC","SYGDHFTMESHMTADSKYC","type1_new_addin_5"
"311","CPME","LEAMMTL","CPMESLEAMMTL","type1_new_addin_1"
"61","KDPIE","TATNTSSS","KDPIESTATNTSSS","type1_old_addin_1"
"401","WHHMEEWGM","AYEK","WHHMEEWGMSAYEK","type1_new_addin_5"
"267","FPNCMLSNI","MDKKETQI","FPNCMLSNISMDKKETQI","type1_new_addin_1"
"363","FVNDDGAL","IDSYDDNL","FVNDDGALSIDSYDDNL","type1_new_addin_5"
"286","EQIE","LMSADEHI","EQIESLMSADEHI","type1_new_addin_1"
"366","MDGIV","IDSAIVQM","MDGIVSIDSAIVQM","type1_new_addin_5"
"69","FPMD","WALCST","FPMDSWALCST","type1_old_addin_1"
"208","EPIE","KDSLMS","EPIESKDSLMS","type1_old_addin_10"
"213","ERHL","VCFHHTD","ERHLSVCFHHTD","type1_new_addin_1"
"18","YQHYCIC","FLLCT","YQHYCICSFLLCT","type1_old_addin_1"
"131","QRECME","TVTCSSNC","QRECMESTVTCSSNC","type1_old_addin_10"
"71","YWSCEPMD","MESVALS","YWSCEPMDSMESVALS","type1_old_addin_1"
"117","SSMQKYCLD","TETCSLSPD","SSMQKYCLDSTETCSLSPD","type1_old_addin_10"
"31","TWFTRYCLE","SDSCT","TWFTRYCLESSDSCT","type1_old_addin_1"
"291","WLAMLYQE","KEKWD","WLAMLYQESKEKWD","type1_new_addin_1"
"254","TTIDDDPMD","IDYKIT","TTIDDDPMDSIDYKIT","type1_new_addin_1"
"51","SYMQHEGLE","TVTR","SYMQHEGLESTVTR","type1_old_addin_1"
"109","TSWQKFCVC","FAAC","TSWQKFCVCSFAAC","type1_old_addin_10"
"67","CWGVD","SLTVATTCE","CWGVDSSLTVATTCE","type1_old_addin_1"
"263","ECMNPMM","IDTVET","ECMNPMMSIDTVET","type1_new_addin_1"
"281","APCA","IKMWD","APCASIKMWD","type1_new_addin_1"
"233","LLDRCL","AYWS","LLDRCLSAYWS","type1_new_addin_1"
"222","LDDGKA","AEWTSSNA","LDDGKASAEWTSSNA","type1_new_addin_1"
"228","TFAHHDKLE","ICTMHV","TFAHHDKLESICTMHV","type1_new_addin_1"
"37","SYINKWPVD","IDIQTAT","SYINKWPVDSIDIQTAT","type1_old_addin_1"
"407","TGDDAPMD","AESAET","TGDDAPMDSAESAET","type1_new_addin_5"
"412","EDDGVE","WESADISMC","EDDGVESWESADISMC","type1_new_addin_5"
"196","DPAD","HMTISTT","DPADSHMTISTT","type1_old_addin_10"
"111","FQRWCIE","RMICTTSC","FQRWCIESRMICTTSC","type1_old_addin_10"
"116","YQRFCMC","FVVCTT","YQRFCMCSFVVCTT","type1_old_addin_10"
"55","THDGME","HVTCSDS","THDGMESHVTCSDS","type1_old_addin_1"
"57","SYMQMEGVE","VESILVDSS","SYMQMEGVESVESILVDSS","type1_old_addin_1"
"7","TFFNHYCIE","KMVCTTSC","TFFNHYCIESKMVCTTSC","type1_old_addin_1"
"293","IYSQDIPVL","IEWII","IYSQDIPVLSIEWII","type1_new_addin_1"
"393","RMDELKFK","IEMMR","RMDELKFKSIEMMR","type1_new_addin_5"
"218","LTDNQI","MCYYRSNG","LTDNQISMCYYRSNG","type1_new_addin_1"
"298","WNEDYSID","HETVEFNM","WNEDYSIDSHETVEFNM","type1_new_addin_1"
"308","MDCLQIE","IITIEL","MDCLQIESIITIEL","type1_new_addin_1"
"359","PHTLWND","RDHFRM","PHTLWNDSRDHFRM","type1_new_addin_5"
"211","EQRV","MCYWHTNAK","EQRVSMCYWHTNAK","type1_new_addin_1"
"318","PCDNHYA","MEYSKSQ","PCDNHYASMEYSKSQ","type1_new_addin_5"
"232","CDPVADRQV","WNWSW","CDPVADRQVSWNWSW","type1_new_addin_1"
"367","DMDDNGAI","AVFI","DMDDNGAISAVFI","type1_new_addin_5"
"284","TPNESEPMD","WDSMH","TPNESEPMDSWDSMH","type1_new_addin_1"
"49","WGMD","KILCTTTCS","WGMDSKILCTTTCS","type1_old_addin_1"
"309","WFFTAFTVE","KITIS","WFFTAFTVESKITIS","type1_new_addin_1"
"335","QGRM","AEYRES","QGRMSAEYRES","type1_new_addin_5"
"127","YNHDGVD","SLVATTS","YNHDGVDSSLVATTS","type1_old_addin_10"
"220","RTDDGKV","LCWS","RTDDGKVSLCWS","type1_new_addin_1"
"204","DGLD","TLSASM","DGLDSTLSASM","type1_old_addin_10"
"158","FWTHEPVC","DLSL","FWTHEPVCSDLSL","type1_old_addin_10"
"247","EKKN","WYFS","EKKNSWYFS","type1_new_addin_1"
"328","SERHL","CNHTK","SERHLSCNHTK","type1_new_addin_5"
"287","MNIEIIPNL","LEFLETNA","MNIEIIPNLSLEFLETNA","type1_new_addin_1"
"280","EQDLKVE","LEWAETI","EQDLKVESLEWAETI","type1_new_addin_1"
"35","VNRFPVC","LMSAVSSST","VNRFPVCSLMSAVSSST","type1_old_addin_1"
"48","TYLNCYGIE","TEYHTT","TYLNCYGIESTEYHTT","type1_old_addin_1"
"216","AHKA","AEWKRS","AHKASAEWKRS","type1_new_addin_1"
"410","TEINAE","IMSIDSEL","TEINAESIMSIDSEL","type1_new_addin_5"
"40","WFNKWGME","KMSQLD","WFNKWGMESKMSQLD","type1_old_addin_1"
"38","YFQREPME","KMAH","YFQREPMESKMAH","type1_old_addin_1"
"135","KDCVD","RAACSSS","KDCVDSRAACSSS","type1_old_addin_10"
"244","YEEMRAD","VDFMLVRIC","YEEMRADSVDFMLVRIC","type1_new_addin_1"
"357","CWHDDDYLD","KDTSVA","CWHDDDYLDSKDTSVA","type1_new_addin_5"
"150","CWPME","SISMTTSTS","CWPMESSISMTTSTS","type1_old_addin_10"
"194","ECVE","SESMSSTC","ECVESSESMSSTC","type1_old_addin_10"
"394","GDKTDIHLA","VDWVD","GDKTDIHLASVDWVD","type1_new_addin_5"
"277","VPLE","AETLKTAPC","VPLESAETLKTAPC","type1_new_addin_1"
"90","RCPID","ADTLSTS","RCPIDSADTLSTS","type1_old_addin_1"
"361","WICDDFIH","MEYAA","WICDDFIHSMEYAA","type1_new_addin_5"
"304","EAPDE","VDST","EAPDESVDST","type1_new_addin_1"
"324","CSLRDDPRL","LCFS","CSLRDDPRLSLCFS","type1_new_addin_5"
"397","DEIPMD","IKTIRIIVS","DEIPMDSIKTIRIIVS","type1_new_addin_5"
"10","TFFNRDCMD","KAACSSN","TFFNRDCMDSKAACSSN","type1_old_addin_1"
"146","HDPVC","WLMCST","HDPVCSWLMCST","type1_old_addin_10"
"63","WTKDGVE","SDTLMTQ","WTKDGVESSDTLMTQ","type1_old_addin_1"
"358","DDRAL","LEFAVALL","DDRALSLEFAVALL","type1_new_addin_5"
"179","WSKEGMD","SASA","WSKEGMDSSASA","type1_old_addin_10"
"256","DGIE","ACTLK","DGIESACTLK","type1_new_addin_1"
"106","SSYQKECLE","WMMCTT","SSYQKECLESWMMCTT","type1_old_addin_10"
"396","YTID","KESVDTLLK","YTIDSKESVDTLLK","type1_new_addin_5"
"13","TWQCECVE","RALCTST","TWQCECVESRALCTST","type1_old_addin_1"
"58","REPID","KMTATSNG","REPIDSKMTATSNG","type1_old_addin_1"
"310","VGCE","MDSAE","VGCESMDSAE","type1_new_addin_1"
"368","FQELDGVA","AITMIMN","FQELDGVASAITMIMN","type1_new_addin_5"
"54","NREPMD","TEAMCLSCD","NREPMDSTEAMCLSCD","type1_old_addin_1"
"248","WDSEEFPRA","ADYV","WDSEEFPRASADYV","type1_new_addin_1"
"352","DDSEGHE","RLSSD","DDSEGHESRLSSD","type1_new_addin_5"
"163","YWNCDGLD","HDTL","YWNCDGLDSHDTL","type1_old_addin_10"
"219","TFMDWEHVL","AEWLMSKPT","TFMDWEHVLSAEWLMSKPT","type1_new_addin_1"
"417","APAE","LEIMAN","APAESLEIMAN","type1_new_addin_5"
"183","EGID","KVSCTETT","EGIDSKVSCTETT","type1_old_addin_10"
"96","HCGIE","HATQL","HCGIESHATQL","type1_old_addin_1"
"197","TKGGVD","LETAVADSD","TKGGVDSLETAVADSD","type1_old_addin_10"
"330","YWEVGFVA","IEWLH","YWEVGFVASIEWLH","type1_new_addin_5"
"296","NRWVE","HCYADEMIS","NRWVESHCYADEMIS","type1_new_addin_1"
"28","FFNHDCLE","TDTISITC","FFNHDCLESTDTISITC","type1_old_addin_1"
"12","YFQHFGME","TVLCSTTCS","YFQHFGMESTVLCSTTCS","type1_old_addin_1"
"333","EPCEAHRD","KDAHDL","EPCEAHRDSKDAHDL","type1_new_addin_5"
"114","FWQHDGVE","YMARTSTT","FWQHDGVESYMARTSTT","type1_old_addin_10"
"180","RFGID","HLSKTID","RFGIDSHLSKTID","type1_old_addin_10"
"52","SYYTKEGMD","SISQ","SYYTKEGMDSSISQ","type1_old_addin_1"
"223","DPLSDHHL","CQKSR","DPLSDHHLSCQKSR","type1_new_addin_1"
"126","FYSHDPLE","SEMCSSSC","FYSHDPLESSEMCSSSC","type1_old_addin_10"
"56","SFAQKCGIE","LDSCIMT","SFAQKCGIESLDSCIMT","type1_old_addin_1"
"259","RIVKDV","MDFRE","RIVKDVSMDFRE","type1_new_addin_1"
"416","WDDDCGMD","ADVLDSA","WDDDCGMDSADVLDSA","type1_new_addin_5"
"112","SYQRFCIE","FMMCT","SYQRFCIESFMMCT","type1_old_addin_10"
"105","TSFQHYCME","ELVCTTT","TSFQHYCMESELVCTTT","type1_old_addin_10"
"260","PTIENEM","YCFVE","PTIENEMSYCFVE","type1_new_addin_1"
"155","TYINHYGCE","ADSC","TYINHYGCESADSC","type1_old_addin_10"
"80","KWGLD","SLSIASS","KWGLDSSLSIASS","type1_old_addin_1"
"369","NEADIM","REFH","NEADIMSREFH","type1_new_addin_5"
"261","SYGEHMFCE","IETSDWIL","SYGEHMFCESIETSDWIL","type1_new_addin_1"
"288","EMYFLD","WDSASTEI","EMYFLDSWDSASTEI","type1_new_addin_1"
"77","CWPAD","KITHAISC","CWPADSKITHAISC","type1_old_addin_1"
"395","AGSTDLGCI","LKMFKT","AGSTDLGCISLKMFKT","type1_new_addin_5"
"191","QRYDVD","MDTIAMQ","QRYDVDSMDTIAMQ","type1_old_addin_10"
"122","NKWCCD","YVVCTTS","NKWCCDSYVVCTTS","type1_old_addin_10"
"348","EVGHA","AMIHET","EVGHASAMIHET","type1_new_addin_5"
"139","YFQHWPLE","KMSA","YFQHWPLESKMSA","type1_old_addin_10"
"282","ALDYVE","KESSDLLL","ALDYVESKESSDLLL","type1_new_addin_1"
"9","SYNKDCID","DVACTSTC","SYNKDCIDSDVACTSTC","type1_old_addin_1"
"398","IGVA","MDTKETLW","IGVASMDTKETLW","type1_new_addin_5"
"402","SSALWCE","ADTSDSAA","SSALWCESADTSDSAA","type1_new_addin_5"
"299","GPNA","LDTF","GPNASLDTF","type1_new_addin_1"
"59","CYPVE","KMMCST","CYPVESKMMCST","type1_old_addin_1"
"230","DNPHL","LDYRETNW","DNPHLSLDYRETNW","type1_new_addin_1"
"157","NCDPME","KLVRS","NCDPMESKLVRS","type1_old_addin_10"
"3","TYNKYCVD","YAMCSSSS","TYNKYCVDSYAMCSSSS","type1_old_addin_1"
"257","YRRIEGTI","REWA","YRRIEGTISREWA","type1_new_addin_1"
"214","DKCYERFL","FCWFRTQY","DKCYERFLSFCWFRTQY","type1_new_addin_1"
"143","MSRFPMD","IELQLTTGT","MSRFPMDSIELQLTTGT","type1_old_addin_10"
"32","LSHECLD","KVSATETTD","LSHECLDSKVSATETTD","type1_old_addin_1"
"237","TMPKW","KVWIM","TMPKWSKVWIM","type1_new_addin_1"
"390","CRDPEE","AETKE","CRDPEESAETKE","type1_new_addin_5"
"270","EVGAE","IDFTDDNAT","EVGAESIDFTDDNAT","type1_new_addin_1"
"331","DVDPRM","ADYSWEEI","DVDPRMSADYSWEEI","type1_new_addin_5"
"316","CLDWHL","AEWRETQIH","CLDWHLSAEWRETQIH","type1_new_addin_5"
"97","EGAE","LVSQMAST","EGAESLVSQMAST","type1_old_addin_1"
"21","QHYCVC","YMVCSST","QHYCVCSYMVCSST","type1_old_addin_1"
"168","TWITHCGLE","TETCT","TWITHCGLESTETCT","type1_old_addin_10"
"337","AYLV","KEYYSS","AYLVSKEYYSS","type1_new_addin_5"
"303","DEEGID","HESL","DEEGIDSHESL","type1_new_addin_1"
"66","RYGLD","TMAHSS","RYGLDSTMAHSS","type1_old_addin_1"
"92","KEGID","TAVI","KEGIDSTAVI","type1_old_addin_1"
"113","TYYNRDPLE","WIVCTT","TYYNRDPLESWIVCTT","type1_old_addin_10"
"278","EEVGKD","YESGHY","EEVGKDSYESGHY","type1_new_addin_1"
"344","SEHHQ","YFWS","SEHHQSYFWS","type1_new_addin_5"
"389","EVPLA","IDEAHW","EVPLASIDEAHW","type1_new_addin_5"
"148","WQRCPIE","LETLASTS","WQRCPIESLETLASTS","type1_old_addin_10"
"323","LHKKM","VGYHRSNG","LHKKMSVGYHRSNG","type1_new_addin_5"
"381","QRDDGND","CEFTKSN","QRDDGNDSCEFTKSN","type1_new_addin_5"
"404","WVDRVE","LDTI","WVDRVESLDTI","type1_new_addin_5"
"152","YPID","RIIQSSTTT","YPIDSRIIQSSTTT","type1_old_addin_10"
"120","QKWCIC","RVACSTTT","QKWCICSRVACSTTT","type1_old_addin_10"
"22","YQKEPLE","DMLHSSQ","YQKEPLESDMLHSSQ","type1_old_addin_1"
"181","HDGME","TELISSS","HDGMESTELISSS","type1_old_addin_10"
"99","FGLD","RDSLATQ","FGLDSRDSLATQ","type1_old_addin_1"
"5","YQKYCCC","FIICTSSCC","YQKYCCCSFIICTSSCC","type1_old_addin_1"
"273","FRDWAPRL","VDSVEFL","FRDWAPRLSVDSVEFL","type1_new_addin_1"
