"nterm","cterm","prob"
"DQNML","SIFIHNNV","0.901468089"
"QHCHEITKL","WAT","0.81249739"
"MDAL","AELAESHM","0.776501347"
"QEDNMIENI","YDTWTLHAN","0.744589863"
"CILKNC","AICR","0.554933202"
"AYECDQELD","KEYRELEAN","0.545882451"
"CYLMEEWQD","HETIIT","0.528660528"
"LKHI","VMTLDIPCV","0.480762817"
"SRPQPDD","IDSLKSPCC","0.447809136"
"QWLREFKME","LEP","0.420777566"
"AGRD","SSVRMWHTCR","0.399072914"
"SDKSPIE","VDIHRVS","0.380682107"
"GLDMPAD","SMSTLL","0.348087536"
"DMFMD","FTMLDANT","0.335426475"
"GLL","ALMALAVS","0.331712845"
"IGAM","VDFMCSH","0.321794155"
"IYAE","AECMENATS","0.312257361"
"VSQDDPLD","VDTVRE","0.306958827"
"ASTGGD","AEW","0.29046611"
"GED","MCPSSS","0.284814248"
"SWSESFRQD","LILMCSQNLV","0.248157381"
"PAV","AES","0.245448286"
"VEDVEND","TTTRLALMDC","0.237193124"
"GEELMIC","SESIRF","0.231345206"
"PYVNDVWHQ","KEFHMESAF","0.207740936"
"MTRDRMRLC","LESADAQW","0.197946237"
"SPWNAVPLV","VEQKD","0.177734772"
"NMERLQGD","LVSAD","0.173922301"
"QHLM","LKMVEF","0.165080033"
"WADEQQLD","IEP","0.150554074"
"GPE","VTSIEV","0.145026643"
"HDMPMI","SLSA","0.134797451"
"TFEKDHWVE","RDW","0.125762762"
"KSMMEPDD","LDSVI","0.117189777"
"TCSAENGAD","LEY","0.115723847"
"PHE","VSLYDYIAQ","0.112281228"
"GKE","VERCEINAAW","0.108425073"
"DLKEVPHE","QDWAD","0.107742405"
"EIM","MDTITM","0.099939641"
"CSQDDPID","MRSAH","0.098637056"
"WMGMD","LIYILNSCHD","0.097531769"
"DVGAD","EESMDHNI","0.097464747"
"RWRKEEPAD","IEFKD","0.097289547"
"EPDD","MEFAE","0.090769237"
"MDPLPVV","IVSA","0.090506858"
"PEEPAK","IDSVDMGIQ","0.090499298"
"LCIGNV","KETY","0.090400264"
"WLCTDPCK","VTNFDQ","0.087549642"
"CHMEHKCLS","IEPATFAVM","0.08568329"
"DGLD","AEFF","0.08507133"
"GRE","VDVIIHCCH","0.0823778"
"KWKYHM","IQWYEF","0.082241727"
"TDERCLD","LVNIDIG","0.080593082"
"TQKACNPAD","KSTPDDNV","0.077246903"
"RLYMA","RVFVCASVEI","0.064163965"
"FSPIWAM","MDTVL","0.062333417"
"WVVHSGLE","HDAGITMTI","0.05699724"
"YTCYEAGVC","HIT","0.055592917"
"WSSEAGDE","IMT","0.052642148"
"TTAEDISNG","LLDVTHAMN","0.047914201"
"LPVE","HDYADK","0.04745761"
"DEYPED","IYTV","0.045364569"
"NVADYHDC","MWVYGT","0.040961978"
"EEQPNG","FEDLFICMN","0.039836552"
"MEPID","MEM","0.037764543"
"YCNACTCL","ADTISAVL","0.035387007"
"HVGAE","SEHTLDTIL","0.032749847"
"EEVGNC","IDMI","0.030097286"
"GMD","KDTLDTA","0.028899082"
"TEEDDGHE","RSPNPSSVE","0.023872328"
"AFTDECPEE","AMS","0.02302727"
"RECMFLE","LETADEC","0.02226708"
"VMGID","INTMEEVA","0.020494342"
"HYDEDCCLM","YEFGTVIIF","0.017491635"
"TLGDIPDEC","PEFMSDM","0.017192136"
"QKAD","VETVEQM","0.015921557"
"TWSQQCRMQ","SQSAEAIMH","0.014868763"
"TACTDMEKD","IDS","0.013781124"
"EVNMD","VELAEE","0.012327421"
"GAY","PDTSDE","0.010880188"
"TDMTVE","LDTVDTAQ","0.010685265"
"FMQIKGDE","SSFMCCEGVN","0.008915703"
"HDDEQVV","LGHFDAMH","0.008780697"
"YDMTVHAE","GFFCGCL","0.006636791"
"SVE","ALALMEL","0.005580924"
"QYTEFFLD","LDS","0.005203825"
"GMC","IDTYE","0.004888119"
"DHEIGAD","DLSCVSCC","0.004552988"
"WCEDRYIE","AST","0.00421013"
"KFLGVE","WDSLE","0.004096463"
"GND","NAVMDL","0.003589595"
"DVC","ANTAPFVMIG","0.003553843"
"CEDQPAP","LEMI","0.003478919"
"DLVYNC","ETVVDLCADF","0.003425494"
"DHAPNY","RWTVDWWWVS","0.003333957"
"RAGVE","APIYSYLPVL","0.00282931"
"NDDME","MEA","0.002293453"
"MNID","KDTAE","0.002150129"
"YEDADHD","VDT","0.002083008"
"FGIE","MEWWY","0.001636554"
"EILVNN","QDTQETPQIW","0.001624922"
"GDE","VSLMEDA","0.001581151"
"ELAGDD","CDSREIDTK","0.001493985"
"DLD","IDVMD","0.001142283"
"RIECE","KLSAMVETP","0.001024729"
"GIH","IDSAE","0.000767353"
"WEDIYDE","MEIL","0.000762772"
"EDWHVD","SASMTFMG","0.000635725"
"YVD","HDTATVVT","0.000555602"
"WWLD","LESM","0.000477429"
"NGIE","IDSAT","0.000463704"
"QEYGME","YDS","0.000410425"
"DRFPAD","LIAW","0.00035723"
"VMNIQLD","RDSAA","0.000322876"
"TEEERVT","AESEDDSSN","0.000319535"
"SDKLGYE","SSSLD","0.00027186"
"TDAFSE","ASTMEI","0.000196183"
"VQIMPLE","GESMDNVC","0.000175825"
"RAPDE","RDIVDMT","0.000171918"
"DLEID","LSSFESYTMT","0.000156799"
"DTKIPLD","TMSIT","0.000109452"
"HFGLD","LDS","9.87e-05"
"DIGME","SISM","8.42e-05"
"AGNE","SESML","6.12e-05"
"LCSQDNSVE","LDMQGGH","5.65e-05"
"AEDLTTE","LDSMA","5.26e-05"
"EDPLE","CDVP","5.14e-05"
"EQLGVE","SASM","5.03e-05"
"ERRFK","ISLRDHDG","4.73e-05"
"DKTNEYDME","LTSACTTA","4.34e-05"
"TIVHIPIE","IDSYMMP","3.32e-05"
"GME","SDTV","3.02e-05"
"WMDKMYAD","VSTCD","2.69e-05"
"SVD","SDTAEQ","2.16e-05"
"GMD","RTTIAAP","2.16e-05"
"FTEVFPTE","INLVNG","1.41e-05"
"ADEWEED","ITT","6.69e-06"
"EYLNDICAE","RATFS","4.93e-06"
"KTEWMAE","IETDDMA","2.39e-06"
"FWNAGGVD","TESD","1.12e-07"
