sfp,AcpH,nterm,cterm
1,1,VKQEEVTNNASFVEDLGAD,LDTVELVMALEEEFDTEIP
1,1,VKEEEVTNSASFVEDLGAD,LDTVELVMALEEEFETEIP
1,1,GTELEKVAPEAKFVDLGAD,LDTVEIMMALEEKFEIALE
1,1,VEEDKIQMNSNFTKDLGAD,LDLVELIMALEEKFNVTIS
1,1,VDEAEVKNEASFVDDLGAD,LDTVELVMALEEEFDTEIP
1,1,IEPSEITPEKSFVDDLDID,LSMVEIAVQTEDKYGVKIP
1,1,GIALEELTDDSNFADMGID,LSSMVIGSRFREDLGLDLG
1,1,DLEIEEISTSTSFNRYGLD,SASISLTSDFGDWISKEID
1,0,GTDLSGDFLDLRFEDIGYD,LALMETAARLESRYGVSIP
1,0,GVDISQLTDTTLLADLGVD,LMSLTILGNFREELDLDIP
1,0,ELEEVPLEPTDSLKNLGID,VNRAEIIMMVMEDLSLNIP
1,0,VILRRTIDADRSFIEYGLD,LGMLEMRTHVETETGIRLT
1,0,NLSVDEVDVQENLLFLGLD,IRAIQLLEKWKAQGADISF
,1,DALEFIA,KLA
,1,D,LEFIAAKLA
,1,D,AEFIASKLA
,1,DSAEFIA,KLA
,1,A,LEFIASKLA
,1,ASLEFIA,KLA
,1,NSASFVEDLGAD,LDTVELN
,1,NEASFVDDWDAD,LDTVELV
,1,NSASFVEDLGAD,LDTAELV
,1,NEASFSDDLGAD,LDTVELV
,1,NNASFSEDLGAD,LDTVELV
,1,NSASFVEDYHAD,LDTVELV
,1,NSASFVEDRGAD,LDTVELV
,1,NEASFVDDLGAD,LDTVELC
,1,NSASFVEDQGAD,LDTVELV
,1,NEASFDDDLGAD,LDTVELV
,1,NNASFEEDLGAD,LDTVELV
,1,NEASFGDDLGAD,LDTVELV
,1,NSASFSEDLGAD,LDTLETV
,1,NNASFVEDLGAD,LDTAELV
,1,NRASFSDDLGAD,LDTVELV
,0,NEASFVDDLGAD,TDTQELT
,0,STSTYFNRYGLD,SESISLT
,0,NSASFVEDLGAD,TDTVELV
,0,NSASFVEDDGID,SDTVELV
,0,NNASFVNDLGAD,TDTVEAV
,0,EASFHDDLGAD,SDTNELTM
,0,NNASFDEDLGAD,SDTVELV
,0,NEASFVDDLGAD,SDTVELV
,0,NRYGLD,SSSISLTSDFPDW
,0,NKYGLD,SSSISLTSDSGDW
,0,NSASFVEDLCAD,LDTVELP
,0,NSASFVEHLGAD,LDTVSLV
,0,NRYGTD,SSSISLTSDFGDW
,0,SASFVEDLGAD,SDTVELVM
,0,SASWVEDLSAD,TDTVELVA
,1,NNASFTEDLGND,LDTVELG
,0,NSASFVEKLGAD,LDTVELV
,1,NEASFSDRLGAD,LDTVELV
,1,NSASFREDLDAD,LDTVELV
,0,FNRYGLD,SSSISLTSDFGD
,0,NEASFVDHLGAD,QDTVELV
,0,NRYGLD,STSISLFSDFGDW
,0,ASFVDHLGAD,SDTVELVMT
,0,NRASFVEDLGAD,LDTVALT
,0,NECSFVQDLGID,SDTVELV
,0,EASFVDDLGAD,SDTVELVM
,0,STSTWFNRYGLE,SASISLT
,0,SASFTEKLGAD,LDTVELWM
,0,SASFVFDLGAD,SDTVELPM
,1,NSASFVEDLGAD,LDTVELD
,0,NSASFVEDLGAD,LDTVSLV
,0,ASFREDLGAD,SDTVELVYA
,0,EASFVEDHGAD,TDTVELVM
,0,SASFVEDVAAD,LDTVELGM
,0,STITCFNRYVLD,SASISLT
,0,TYFNRFGLD,SASNSLTSDF
,1,NSASFCEDLGAD,LDTVELV
,0,NSASFVEDLGAD,TDWVELV
,0,NSASFVEDLGAD,LDTVEGD
,0,MSASFCEDLGAD,LDTVMLW
,0,NSASFVEDLGAD,LDTWELV
,0,NSASFVEDLGAD,LDTQELV
,0,NNASFVEDLGAD,LDTGVLV
,0,NSASFVEDLVAD,LDTNELV
,0,NEASFVDDLGAD,RDTVELV
,0,FFNRYGLD,SESISLTSDFI
,0,NSASFVEDLGAD,LDTVCLV
,1,NSASFVEDLGAD,LDTVEFV
,0,NNASFVEDLGAD,LDTVELW
,1,NSASFVEDLGAD,LDTVEEV
,0,NNASFVEDLGAD,RDTVELV
,1,NEASFVDDLGAD,LDTVTLV
,0,NEASFEDDLGAD,CDTVELV
,1,NNASFVQDLGAD,LDTVELV
,0,NEASFVDDLFAE,DDTVELV
,0,NSASFVEILGAD,LDTVELV
,1,EATFVDDIGAD,LDTVELSM
,1,NNASFVEDLGAD,LDTVTLV
,0,NEASFVDDLGAD,YDTVELV
,0,NSASFVEDLGMY,LDTVELV
,0,ASFVEDAGAD,SDTVELEDA
,0,NEASFVDDLGAD,LDTFTLV
,0,NEASFVDDLGAD,PDTVELV
,0,NSASFVEDLGAD,RITVELP
,0,NHSFVEDLGAD,SDTVELFM
,1,NSASFYEDIGDD,LDTVELV
,1,NNASFCEDLPAD,LDTVELV
,0,NNASFVEDLGAD,GDTVEQY
,1,STITSFNRYGLD,SASISLT
,1,ASFVDDLGAD,LDTVELSMA
,0,SEKSFVDDLDIR,SSTVEIA
,1,NEASFVDDLGAD,IDTVELV
,0,NASFVEDKGAD,LDTVELGM
,0,ASFVEDLRAD,LDTVELTMA
,0,NSASFVFDLGAD,LDTVELP
,0,TYFNRYGND,SASISCTSDF
,0,NNASFREDLSAD,LDTWELV
,0,STSTSFNRYGLD,SDSICLT
,0,NEISFVDDLGAD,LDTWELV
,0,NNASFVEDLGAD,LDTVEQF
,0,TPFNRYGLD,SSSITLASDF
,1,NNASFVEDLTAD,LDTVELV
,0,RFNRYTLD,SSSISLTSDGG
,0,NNASFVEDLGAD,LDTEELV
,0,STSTSFNRYGED,SDSISLT
,1,NNASFVEDLGAD,LDTFELV
,0,TSTSFNRYGLD,SDSISLTS
,0,NEASFVDILGAD,MDTVTLV
,0,NNASFVNDLGAG,LDTVEVV
,1,SASFSEDLNAD,LDTVELVM
,0,ASFVEGLGAD,LSTVELSMA
,0,FSRYGLD,SESISLTSDFGD
,0,NNASWVEDNGAD,LDTQELW
,1,NRYGLD,SDSIKLTSDFGDY
,1,SASFVEDLGAD,LDTVMLVM
,0,NSMSFVEDLGAC,LDTVENV
,1,NEASFVDDDGAD,LDTVELV
,0,NASFVEDLGAD,LDTVYLTM
,0,STSTYFSRYGLD,SASISLT
,0,NNASFVEDLMAD,LDTFELV
,1,NNASFVNDLGHD,FDTVELV
,0,NSASFVECLGAD,LDTVCLV
,1,SSASFVEDLGAD,LDTVENV
,0,SFNRYGLD,SSSISLTSDFG
,1,NEASFHDDLHAD,LETVEEV
,0,NEASFVDDLGAD,LDTVWLV
,0,VDME,TTTITIPCD
,0,LDME,SSTMVVTWV
,0,AGAD,TSTALLSSE
,0,FGLD,TSSIVVSAE
,0,MD,STSYLMGSE
,0,QEMD,SESLEVPSD
,0,APAE,TSTAAVPTV
,0,VSME,SETLMLPIE
,0,FEVE,SDSAEVTND
,0,YPID,TDTGVMSVD
,0,GAD,SSTALMGWE
,0,LPLE,STSFAATSL
,0,DGID,TSTIACPLE
,0,VPAD,TDTISLSSE
,0,AD,TETMMMTSE
,0,GID,TDSALVPAE
,0,PIE,TSSMIQTSD
,0,PVDS,TTMLQPAE
,0,PVDS,TTMLQPAE
,0,INME,TSSVSISHD
,0,FPAE,TSTPTMPSV
,0,PAD,SSTLILPAL
,0,DIE,TSTLALCSE
,0,IGLE,TDTISAGWE
,0,MDS,TTMDMTTE
,0,VD,TTSMEMPIE
,0,MD,TDTRVITLD
,0,LE,TDTDTMPSD
,0,EMD,TDSNMITCA
,0,ID,TETDILPFE
,0,AEME,SESNTCTLA
,0,AE,SSSGVITIV
,0,VGED,TETMIVPSE
,0,EVE,SDSCMHSSI
,0,EVE,TSSNMAPAQ
,0,ME,TDTVAGPIE
,0,GADS,TTIEMTMD
,0,LDS,TTLAIGFM
,0,DAD,TDTVEMTIM
,0,LE,TTSLSDPVD
,0,VDAD,TETQMISI
,0,KPLE,STSLIYPSV
,0,ELD,TDSCTKGRE
,0,MDS,TSAMIGGD
,0,LAE,TTTATGTSD
,1,MGIC,SSSWIYGME
,0,FVD,SSTLSIGTM
,0,VDLE,TSTYTLP
,0,ID,SDSLSISIE
,0,VGMD,SDSLIAPQA
,0,VPCD,SETAMAGVD
,0,ALID,SETMTRSSD
,0,GLD,TDTMLMTSI
,0,PIE,SETMVLGMI
,0,TE,TTSAMVSME
,0,PAES,TSMMCGVI
,0,GID,TSSMLITQL
,0,ADVE,SETNMAGR
,0,LE,SDSGLCTID
,0,ID,SSTVSMSMV
,0,DLP,SESAEATFE
,1,NGAE,SSSKVVGCM
,0,RAE,SETIVAPMV
,0,PLD,TDSVDMGVE
,0,VGLE,TSSEIMGTN
,0,DSD,TSTISCTFE
,0,YPID,TTSVMAPL
,0,KDLP,TETQMMSNI
,0,ME,TETPSIGQD
,0,CPVD,SETQLAPVA
,0,YWAE,TSTDEPGHE
,0,DME,TTSIDDGCL
,0,WELF,STTVAGGM
,0,EVD,SSTITLGH
,0,IE,TDSVTLSRD
,0,MSLD,SETNMYPTI
,0,NIE,TSSMDMPSL
,0,VD,TSSECAGVE
,0,QGMD,TESNMLGLV
,0,TVE,SDSLVNPRE
,0,AD,SSSADMGLL
,0,ADLE,SETLECSCL
,0,GME,TSTADQSIE
,0,IE,SSTLPISVE
,0,CID,SDTAILSTL
,0,ADLD,TESVTIPC
,0,RAC,SSTLLITCE
,0,VPAD,SDTMSGTCE
,0,NLE,TDTNMASTI
,0,VWMD,TDSILHSIA
,0,NFAE,SDSITVSRE
,0,IAD,TTTHDEGTD
,0,YELD,TDSGTVGR
,0,YAE,SSTDERGLE
,0,LGND,TDSLTISVD
,0,APLD,TSSDTCPYI
,0,WPMD,STSVEVSQL
,0,LD,TETITATSA
,0,LE,STTYEMPAI
,0,IE,SETVSMPAL
,0,GVE,TSTYEMGMV
,0,GHE,TSSALISCD
,0,GAD,TTSRDMTSV
,0,FVD,SETMMVGRM
,0,EMD,TDSVAIS
,0,AGLE,SESMALPS
,0,MEID,SDTPSCGPI
,0,ED,SETKLAGAD
,0,VE,TDSLLMSRV
,0,GGVE,TDTIVISSD
,0,LTVE,SSTLMGGSP
,0,EIE,SDTVTITL
,0,EME,TDSLCGGTA
,1,ME,SETMIKGML
,0,PAE,TSSMSDGVM
,0,AD,TSTRVIGT
,0,AD,TETIDGPAD
,0,WLE,SESIAPPMM
,0,VVE,STTCDGTTE
,0,INDD,STTADLGYD
,0,WPLD,STTVWLTVM
,0,DIG,SSSPCMTLL
,0,DQNML,SIFIHNNV
,0,SSEEGQL,RDSME
,0,YTEVEHKI,MEY
,0,CEPCLDRHA,ICFTHSNICC
,0,QFSRELPAV,AEQSDLVNVL
,0,GSVENAM,LTEFEHR
,0,QHCHEITKL,WAT
,0,NQCTEQPHC,VLFKDID
,0,GKL,ADYVRT
,1,DPCMEKKM,LCFSKTNMCC
,0,A,MFYHKSKIA
,0,SFLPAQEAC,LDMSTFDVEC
,0,MDAL,AELAESHM
,0,LNPRV,YMWYDEC
,0,FCEADKHM,LDY
,0,CEGCMDRKA,ACFSKTQLCL
,0,VHHEEDGYI,AAMMETIMKA
,0,SFSDDENPD,YDWV
,0,QEDNMIENI,YDTWTLHAN
,0,EEKGHV,VDTYELQ
,0,TDEGHL,VDFVDSQLF
,0,IWGHMERRA,MCFTHTNVCC
,0,L,LWWCKSHVA
,0,FAD,LTTVHYNEPL
,0,CILKNC,AICR
,0,AIHEFHC,FMWWDSQICH
,0,CFSEAERHL,LEYSHSMAC
,0,PAVERRA,ICYSRSQMC
,0,I,MEFARSRVI
,0,MNLNYAL,YDTYILHAEW
,0,AYECDQELD,KEYRELEAN
,0,VGVM,VEVVDAHL
,0,TWSEMEKHI,LD
,0,CEPCLEKRA,ACWSHSQ
,0,NWSKDMPVV,MEMIDIVIVV
,0,NGDLQEC,YTNV
,0,CYLMEEWQD,HETIIT
,0,PAE,MDFFRVCLKI
,0,YCELEKHM,AEWSESQVCS
,0,FTCLDRKI,MCFSRSQLC
,0,QWTKDAGLA,VWVAEIIFMA
,0,GFDFGAD,LIT
,0,LKHI,VMTLDIPCV
,0,CSRMDWDMM,VEAMKWNP
,0,CAERHV,LCFTKTQVCC
,0,TDIERHL,VCYTHTQVCC
,0,NYGHDAPAA,ADAADVLLSA
,0,DTLNAD,SDTVEQVC
,0,SRPQPDD,IDSLKSPCC
,0,DCDFPHL,WESRRF
,1,PEVIGRV,MDWTKT
,1,FWPCDDKKM,VCFTKSNICT
,0,M,FEWSDTRML
,0,FDNDCGAV,LDT
,0,QWLREFKME,LEP
,0,YAV,VDSAVYMAC
,0,TCADKKL,MCWTKSQICD
,0,CDTCIEHKV,ICFSKTNICE
,0,L,MCWAATHLF
,0,GAD,LDEYNLVM
,0,AGRD,SSVRMWHTCR
,0,DVGDA,LVCIETCICD
,0,DHRL,IEYSDTNVCS
,0,EGSLEKKI,KCWSHSQMC
,0,L,LPFIHTRIV
,0,NMGSKRQDA,LLWITLQL
,0,SDKSPIE,VDIHRVS
,0,GQDVPRD,KDCAHD
,0,FSEIDHHL,VDWSHT
,0,TEMEKHV,VCFSHTNMCM
,0,NFCRELPAV,VEEADIIIIA
,0,LHAM,LDTMK
,0,GLDMPAD,SMSTLL
,0,TMC,VSTYDYCCCC
,0,CDADHRL,VEFTRSI
,0,LERRM,VCFTHTQACC
,0,NCVSWSEEMPIM,LDSVHSI
,0,EGAV,HDF
,0,DMFMD,FTMLDANT
,0,ENKII,MDVRAMCMAA
,0,TFTCDEKKI,MEYSDSLVCT
,0,GCMDKKV,VCWTHTQV
,0,I,IEFSESEAP
,0,CDDHHWRRV,YMMMS
,0,GLL,ALMALAVS
,0,CSKDHGC,LDYMDFN
,0,WSCIDKHL,ADFSHTMA
,0,DRHA,LCFSKTNMCC
,1,I,LDWCDTKVY
,0,FGIVNGYM,LCFLET
,0,IGAM,VDFMCSH
,0,YEMPRE,RDYWKENA
,0,HV,LEFSDTNLC
,1,GCLDKKI,MCFTKTN
,0,LKYEEMPQV,IMMVETILRM
,0,FSDDLWAD,FAPVEEHI
,0,IYAE,AECMENATS
,0,VWSKELNAE,VALYSNQCQ
,0,QSHDDHKM,MCYSHTQ
,0,CADKKV,ACYSKTQACE
,1,I,IEWTVTKMT
,0,NFHEVECDD,LDTVK
,0,VSQDDPLD,VDTVRE
,0,EGLV,KCW
,0,YCDAERKL,LDYSDTLIC
,0,CLEHHM,VCWTRSHLCC
,0,TGADYGL,RMA
,0,DQGAM,LDM
,0,ASTGGD,AEW
,0,DSQC,KISIHTGIWE
,0,CEMEKRV,VEFSESMIC
,0,CMDHHL,VCWTHSQMC
,0,TTVDYHM,RAA
,0,DNV,LDAMEWVGQ
,0,GED,MCPSSS
,0,EIDWDI,AATMD
,0,EVEKHM,MEWTRSL
,0,FPESEKRI,ICYTKTQMCM
,0,I,MCYMISHVQ
,0,GAA,LDV
,0,SWSESFRQD,LILMCSQNLV
,0,DKEVC,ALPVETACCH
,0,DEADKRL,MEFSESVAC
,0,SIDKHA,VCFTKSQACM
,0,L,ACNILTHIW
,0,CFTCIDHRI,LDWTKTNA
,0,PAV,AES
,0,CGSRLTFVC,VELRKDKLS
,0,WCDMDRHI,ME
,0,IDKRV,MCWTHSQLCE
,0,QFTHELGAL,IDVMEILTVA
,0,IEHKA,LDF
,0,VEDVEND,TTTRLALMDC
,0,MMYNE,RLYVDEIA
,0,LDRHA,AEFSHTA
,0,EHRV,ICWTRTNLCM
,0,V,VEFLETNAI
,0,SFCEMDKRL,LDFTRSVL
,0,GEELMIC,SESIRF
,0,DHFIV,RAMSDY
,0,RKI,MEYSESQM
,0,TCIERRI,MCYTRTN
,0,VHDDDVPWI,CMAAETVIHV
,1,CFTDLDKHV,LDWTK
,0,PYVNDVWHQ,KEFHMESAF
,0,DHHM,VEPW
,0,ERHI,MDFSETIVCI
,0,NQPCADHRM,VC
,0,I,IEFMLSRMW
,0,KHI,LDWTRSVMC
,0,MTRDRMRLC,LESADAQW
,0,NWDLHWFHD,HISFMMA
,0,EVEKHM,ADFTETALC
,0,CEPCMERKL,VCYTRS
,0,CTVDFNI,HVY
,1,HL,LCYTKTNLC
,0,SPWNAVPLV,VEQKD
,0,PETSMD,LDTLDRMALC
,0,CVDHRV,ICWSKSQ
,0,SDVDHRI,LCFTHTNI
,0,ESAEFRL,RIN
,1,QPCIDRKM,LCFSKS
,0,NMERLQGD,LVSAD
,1,LEKLD,MATHDKKAQ
,0,LDHRM,MDWTRS
,0,DRHI,ACWTHTNAC
,0,L,IEFMETHLA
,0,STIALKKL,LD
,1,QHLM,LKMVEF
,0,LTENA,VLDHET
,0,DADKHV,VEYTDDLIC
,0,EHHI,HCFSHSNIC
,0,AKFDEVPYV,MVAAETMVRI
,0,SFCDVEKRV,LDYSESV
,0,WADEQQLD,IEP
,0,DVGVC,IMWTDIL
,0,YCEIEKRM,IEYSESIVCR
,1,CEGCIDRKM,ACYSK
,0,I,AEWKMTKLC
,1,DDDHKA,LDFSK
,0,GPE,VTSIEV
,0,WCDACWGM,IVIFKRDMV
,0,WTEVEHKI,ADYTES
,0,CADHRV,ICWTRSNA
,1,V,VDNVESKVS
,0,EGCAERRA,LCWTKSNMC
,0,HDMPMI,SLSA
,0,EEDNSLE,MDSHKDLS
,0,QWPEIDKGL,ICQTHSCICC
,0,CEPCMEHKV,ICF
,0,M,RDWLMTRIC
,1,CFPAADHRM,LCFSKTN
,0,TFEKDHWVE,RDW
,0,SVI,AEPSE
,0,EIEKHV,LDFSH
,0,RM,MCFSHTQLCV
,0,V,LHYIMTRIC
,0,CDPSMDKKV,RCYSHTN
,0,KSMMEPDD,LDSVI
,0,TGTQKKE,METVSI
,0,RKV,AEYTHSV
,0,HA,KCFTKSQACL
,0,I,MDFSLSHLV
,0,NPCVERHI,LCWTHSN
,0,TCSAENGAD,LEY
,0,PNDAGMD,VFSHDT
,0,HKV,AEWSESMVCT
,1,KHV,ICYSKTQVC
,0,I,LVYMLTRAT
,0,RRL,LCWSRSQACC
,0,PHE,VSLYDYIAQ
,0,DDHFKQ,ALCMEDE
,0,RA,VDYTKSMI
,0,GCVDRKI,LCFSRS
,0,TSADWVI,LLE
,0,DHKV,HCFSRSQLCM
,0,GKE,VERCEINAAW
,0,YFCCKAGPC,LELWRYRHS
,1,LEKKM,IEWTK
,0,KL,VCFTRTNIC
,0,NYTREVYID,VYLTDHLMAV
,0,DKKL,LCWTRTQICQ
,0,DLKEVPHE,QDWAD
,0,YMA,MMQF
,0,WFSEEEKKM,LEW
,0,FGHETHHI,ACYTHSRVCV
,0,TAMDWVI,RWM
,0,HHV,HCFSHTNMCL
,0,EIM,MDTITM
,0,EENVNKDN,VECL
,0,HI,ICWSKTN
,0,PKAEHRI,MCWSESQ
,0,V,IYFVITHLL
,0,NFPCLDKHI,LCFS
,0,CSQDDPID,MRSAH
,0,ETKQEMI,LCHVED
,1,VDAEHKL,ADYSK
,0,CFPEDEKHA,MC
,0,SSIEWIL,HAE
,1,PCLDKKV,LCYSR
,0,WMGMD,LIYILNSCHD
,0,FKQLDNQKQ,ADSIH
,1,A,MCFAMSKMA
,0,DVGAD,EESMDHNI
,0,WTMDNRQD,IPSMHE
,0,QWTRDAPPN,VEHLEAALII
,0,RWRKEEPAD,IEFKD
,0,NGI,LDG
,0,TYMEDDGLM,MESMELMVCI
,0,EPDD,MEFAE
,0,CEDPNY,IESWK
,0,DMMDWMI,HMF
,0,MDPLPVV,IVSA
,0,CLKGVD,IQIIES
,0,QWTRDAGVD,LDFIDEVMML
,0,PEEPAK,IDSVDMGIQ
,1,PNR,MEYVKDRCK
,0,M,VLYYLTRMT
,0,LCIGNV,KETY
,0,TWEEHCRKD,IEAMRRVI
,0,I,AWYKLTKLA
,0,WLCTDPCK,VTNFDQ
,0,IENSQE,HLFAALGCRQ
,0,DSLEYAI,RMY
,0,CHMEHKCLS,IEPATFAVM
,0,VSFDGHE,HACHWTKL
,1,DVVDYHI,KAA
,0,DGLD,AEFF
,0,HMI,IESMM
,0,DVMDWPM,HLV
,0,GRE,VDVIIHCCH
,0,PDCVNVA,KDYFC
,1,A,MEYMMSKGK
,1,KWKYHM,IQWYEF
,0,TQSTAFKME,MATI
,1,L,IEFILTKVG
,0,TDERCLD,LVNIDIG
,0,SQMMGAM,EAVAETD
,0,ESADYKI,KIA
,0,TQKACNPAD,KSTPDDNV
,0,VNVV,METLTDLT
,0,ETMDYGV,RLM
,0,RLYMA,RVFVCASVEI
,0,YQLA,METAE
,0,NWTHDAGVD,IEAVHIILTV
,0,FSPIWAM,MDTVL
,0,QGPEHIPNE,KEFCG
,0,I,IEYMATRLN
,0,WVVHSGLE,HDAGITMTI
,0,TEEEQPWM,KDNCDYQT
,1,DTIDWKI,HCK
,0,YTCYEAGVC,HIT
,0,SQTCIPME,TDMVHS
,0,SAMEFQM,KDA
,0,WSSEAGDE,IMT
,0,EENQLE,IETS
,0,ELADHNA,HAA
,0,TTAEDISNG,LLDVTHAMN
,0,HQII,WGYLDT
,0,NYTHDLPME,IDWIDIMIRA
,0,LPVE,HDYADK
,0,CHDNPVE,FEWLA
,0,QWTKELPIQ,AEEADMAMLV
,0,DEYPED,IYTV
,0,DPH,IDTTDFQC
,0,TFTEDAPVL,MDSMDMCIVA
,0,NVADYHDC,MWVYGT
,0,PEVPVE,AMTVT
,0,L,IEFMISCLC
,0,EEQPNG,FEDLFICMN
,0,EAGMD,LMQA
,1,M,LDWMMSKVT
,0,MEPID,MEM
,0,VGHE,IWIMDW
,0,I,VPYIFSNAT
,0,YCNACTCL,ADTISAVL
,0,HKPPNPMC,LFEVESRM
,1,MKPTDVPYD,AVVVDTQVKI
,0,HVGAE,SEHTLDTIL
,0,DEKNC,LWML
,0,NYSREIPAD,MDALRILAHM
,0,EEVGNC,IDMI
,0,RNVMLKCD,LDWYEFKTP
,0,C,MDYTRTRAL
,0,GMD,KDTLDTA
,0,GQRKRMYAD,FESF
,0,TLTWTEEICML,AEWIEALV
,0,TEEDDGHE,RSPNPSSVE
,0,DISDM,MDLV
,0,EIADCGL,RVD
,0,AFTDECPEE,AMS
,0,TVDAELC,KISLDYASE
,0,DVAEFAM,RCC
,0,RECMFLE,LETADEC
,0,DLCLE,AEDMDDRL
,0,NFSRDIGKE,IDAVELMIRI
,0,VMGID,INTMEEVA
,1,DPVL,KRAVE
,0,I,MFFLIYHFQ
,0,HYDEDCCLM,YEFGTVIIF
,0,SGEGLL,MDAYDTSMP
,0,ELSDYMM,KIW
,0,TLGDIPDEC,PEFMSDM
,0,ATTVEWCTV,LCNW
,0,QWTHELHCE,LDIIEIHVIV
,0,QKAD,VETVEQM
,0,YITEDEGND,HWTLD
,0,MKTDEMPWR,IMNVDSMIRL
,0,TWSQQCRMQ,SQSAEAIMH
,0,VKVPDINCE,KTNFESHSF
,0,TICEFHL,RVA
,0,TACTDMEKD,IDS
,1,QNKKGETNE,MDKI
,0,TVAEWVL,RII
,0,EVNMD,VELAEE
,0,DVGVV,TEIL
,0,M,IEYIGIHIQ
,0,GAY,PDTSDE
,0,KNCHHCSD,AETVLE
,0,A,LCFISSHIM
,0,TDMTVE,LDTVDTAQ
,1,IYTADWPKE,DEWWDQK
,0,L,IIYLMTRLA
,0,FMQIKGDE,SSFMCCEGVN
,0,LYKE,MVTAES
,1,ELTDYKM,KMV
,0,HDDEQVV,LGHFDAMH
,0,SMDDGND,PDVMELHM
,0,QWTRCIGLD,VLDLDILACI
,0,YDMTVHAE,GFFCGCL
,0,EEIQVL,TDTAE
,0,QRMSWTDDIPVI,IDTWDFI
,0,SVE,ALALMEL
,0,TMPCC,WRFMH
,0,TSIEFIM,HVV
,0,QYTEFFLD,LDS
,0,EPNR,ACTFNE
,0,SCIDYVV,HIL
,0,GMC,IDTYE
,0,PVPDHVVYI,LDI
,0,DMVEYCL,RLC
,0,DHEIGAD,DLSCVSCC
,0,KPSDDRGDV,QLSIEVQGN
,0,DMFDWRL,KEY
,0,WCEDRYIE,AST
,0,LSED,MDWLELMSKI
,0,QKASFTEDMPLL,AYTADML
,0,KFLGVE,WDSLE
,0,RYTQRNRIW,MITARYCA
,0,ESTDWKV,RAV
,0,GND,NAVMDL
,0,NVREVPLC,ANQLDA
,1,NALEWKM,IVM
,0,DVC,ANTAPFVMIG
,1,KIRDVPKI,QEL
,0,L,LGYIVTRLP
,0,CEDQPAP,LEMI
,1,NGWC,RYFVIFAFKE
,1,I,AGYMVSKIQ
,0,DLVYNC,ETVVDLCADF
,0,DAHLC,YDVHEKEA
,0,A,VDYVISKYC
,0,DHAPNY,RWTVDWWWVS
,0,MCFIN,IEMI
,0,QFTKEAGAD,AYGMDVIMIA
,0,RAGVE,APIYSYLPVL
,0,DLEDPID,LDFC
,0,V,MMFALTHCA
,0,NDDME,MEA
,0,FTKVQPIV,GQTMDKEAN
,0,I,KEWKATKAH
,0,MNID,KDTAE
,0,TDDDGSE,IDSYEIWVSE
,0,NFSHEVGKE,VDIVELAVCP
,0,YEDADHD,VDT
,0,FDDIRKC,MDSRTWCGPT
,0,IKPCEIGFD,MLILESAAWL
,0,FGIE,MEWWY
,0,TQYNERGQC,YETVEY
,0,QLMDGLI,KVW
,0,EILVNN,QDTQETPQIW
,0,PAE,IMFRPVLI
,0,QQMTEDEEEPCM,LDTIDVM
,0,GDE,VSLMEDA
,0,FDDDYRED,VDF
,0,V,MEYVSTKIN
,0,ELAGDD,CDSREIDTK
,0,NYEEDC,LDSHDCIDWQ
,1,V,MQFVMSKMK
,0,DLD,IDVMD
,0,GTWAC,RHFFE
,0,VRDDEMPHD,IAVLESVLHM
,0,RIECE,KLSAMVETP
,0,DQDGMD,IEF
,0,DLMEYMV,AAE
,0,GIH,IDSAE
,0,QTCNMCDEE,VDTCGMLTN
,0,EMDEWHI,RVM
,0,WEDIYDE,MEIL
,0,EIWDD,WEFIAQVVT
,0,DILEYNM,RIV
,0,EDWHVD,SASMTFMG
,0,IQQE,CEEPEER
,0,DDVTYSEDVGLM,ICTMDAA
,0,YVD,HDTATVVT
,0,HND,VGSMDVHANP
,0,I,AAFFMSRVV
,0,WWLD,LESM
,0,VGID,KDW
,0,M,VEFIITHPA
,0,NGIE,IDSAT
,0,FMDLGLP,MMQKEIGC
,0,NCTKEIGMD,AIMMRVAALI
,0,QEYGME,YDS
,0,HSIHEGCE,MNYAGFC
,0,EVMEFMA,KMG
,0,DRFPAD,LIAW
,0,LDVFVC,MPSAPTLM
,0,ELLDFAM,HVQ
,0,VMNIQLD,RDSAA
,0,DGAD,MMM
,1,SMVDQSI,KAQ
,0,TEEERVT,AESEDDSSN
,0,LMPQE,METVCSVV
,0,PTIDYVM,KAD
,0,SDKLGYE,SSSLD
,0,TFEEHQYNE,ALT
,0,L,VDFKYTHML
,0,TDAFSE,ASTMEI
,0,TSRDCAPHA,LHKVEI
,0,DVLDWAL,RAC
,0,VQIMPLE,GESMDNVC
,1,WWNMLPAC,RTKVDSVM
,1,ESIDWQV,KMV
,0,RAPDE,RDIVDMT
,0,GKE,METV
,0,V,VDFAAIHIC
,0,DLEID,LSSFESYTMT
,0,DDHYNE,CETVEYIC
,0,NFTHELPVE,LEMIDIALCL
,0,DTKIPLD,TMSIT
,0,EWYQLD,IEIVDNCI
,0,L,IDWIITNLM
,0,HFGLD,LDS
,0,GQH,VDTREMII
,0,MRWDEEPYR,MLFMETMMNL
,0,DIGME,SISM
,0,CDEVGND,IVSLC
,0,IREDDKFWE,LMMLHSLMRM
,0,AGNE,SESML
,0,CKEDQPAE,VDWAQ
,0,NFSREMGLD,VDYLEAALVA
,0,LCSQDNSVE,LDMQGGH
,0,TRVWNE,VELYTIAC
,0,DIADGVM,RLC
,0,AEDLTTE,LDSMA
,0,DDD,ADILEEL
,0,NSVSYTEELPMV,IETVDTI
,0,EDPLE,CDVP
,0,GME,WETL
,0,ETMEWAL,RMP
,0,EQLGVE,SASM
,0,GIE,IDTME
,0,DSMEWAA,HIN
,0,ERRFK,ISLRDHDG
,0,EDAE,IES
,1,L,VNYAVSKCR
,0,DKTNEYDME,LTSACTTA
,0,VGME,AEL
,0,ESADWVV,RAC
,0,TIVHIPIE,IDSYMMP
,0,DEVGVD,WEH
,0,RMLDWMA,RAY
,0,GME,SDTV
,0,DIAGDE,ADT
,0,NWTKDIGVD,IDLAETNFAV
,0,WMDKMYAD,VSTCD
,0,YCDEMKME,LMTDQS
,0,TMSWSDEVNAA,VCTVDLAA
,0,SVD,SDTAEQ
,0,AGAD,LDT
,0,NYSHELGAE,MDMAHMVMMI
,0,GMD,RTTIAAP
,0,WPCI,QGACIYRSGA
,0,ARCEDVPYD,VILSDTAMRA
,0,FTEVFPTE,INLVNG
,0,CCAQAGVE,KTI
,0,EVVDFLA,KVD
,0,ADEWEED,ITT
,0,EEMTVD,ADT
,0,GRSEDAGYE,ILIVETLVRL
,0,EYLNDICAE,RATFS
,0,SAR,CSIMDNHL
,1,L,ADWKLTNAL
,0,KTEWMAE,IETDDMA
,1,TEDWVIE,CDTLNNANK
,0,DMVERML,RVA
,0,FWNAGGVD,TESD
,0,DHCWF,DDLME
,0,NYTHDLGIE,VDMLDTIAII
,0,DHIDFIL,KCL
,0,I,LDYVVWRVM
,0,EMLDWLM,HWI
,0,NYTHDVGQE,MDMIDVLLHL
,0,NYSLEAGHE,AEIVDIMAAM
,0,DSIEFIL,WIE
,0,DLAEFVM,RCM
,0,DTAEYMV,RIE
,0,NELSYSDEVHMA,LGSMEDI
,0,A,LAYLVTDIG
