"TS","spot","seq","sfp_1"
1,"E6","GADSSTTIEMTMD",4.13831187179312
1,"E7","STITCFNRYVLDSSASISLT",35.5675131315365
1,"E8","LDSSTTLAIGFM",48.1922119972296
1,"E9","TYFNRFGLDSSASNSLTSDF",46.004894527141
1,"E10","DADSTDTVEMTIM",25.1005829079077
1,"E11","NSASFCEDLGADSLDTVELV",21.6445988044143
1,"E12","LESTTSLSDPVD",6.64987496566027
1,"E13","NSASFVEDLGADSTDWVELV",46.437711478211
1,"E14","VDADSTETQMISI",46.3113482226618
1,"E15","NSASFVEDLGADSLDTVEGD",3.88496171217412
1,"E16","KPLESSTSLIYPSV",32.8322420362383
1,"E17","NEASFVDDWDADSLDTVELV",26.0501039098017
1,"E18","ELDSTDSCTKGRE",44.5112962974235
1,"E19","NSASFVEDLGADSLDTAELV",5.4391007986851
1,"E20","MDSSTSAMIGGD",7.91893440764397
1,"E21","MSASFCEDLGADSLDTVMLW",4.03487882576883
1,"E22","LAESTTTATGTSD",32.7461699140258
1,"E23","NEASFSDDLGADSLDTVELV",2.7982433559373
1,"E24","MGICSSSSWIYGME",27.4641659925692
1,"E25","NNASFSEDLGADSLDTVELV",31.881827453617
1,"E26","FVDSSSTLSIGTM",44.3235748680308
1,"E27","NSASFVEDLGADSLDTWELV",46.5845749014989
1,"E28","VDLESTSTYTLP",8.44197033438832
1,"E29","NSASFVEDYHADSLDTVELV",11.159925640095
1,"E30","IDSSDSLSISIE",1.58192296512425
1,"F1","NSASFVEDLGADSLDTQELV",39.4088246393949
1,"F2","VGMDSSDSLIAPQA",14.4268834614195
1,"F3","NNASFVEDLGADSLDTGVLV",35.5312733910978
1,"F4","VPCDSSETAMAGVD",18.1049388833344
1,"F5","NSASFVEDLVADSLDTNELV",20.8157999906689
1,"F6","ALIDSSETMTRSSD",42.8003310691565
1,"F7","NSASFVEDRGADSLDTVELV",15.3456296538934
1,"F8","GLDSTDTMLMTSI",30.0047106924467
1,"F9","NEASFVDDLGADSLDTVELC",39.3589469720609
1,"F10","PIESSETMVLGMI",40.6006520031951
1,"F11","NSASFVEDQGADSLDTVELV",34.2734003905207
1,"F12","TESTTSAMVSME",42.8089065826498
1,"F13","NEASFVDDLGADSRDTVELV",13.3089510258287
1,"F14","PAESSTSMMCGVI",29.1284590028226
1,"F15","FFNRYGLDSSESISLTSDFI",13.3760633645579
1,"F16","GIDSTSSMLITQL",26.981470384635
1,"F17","NSASFVEDLGADSLDTVCLV",44.3508183001541
1,"F18","ADVESSETNMAGR",48.7254035891965
1,"F19","NSASFVEDLGADSLDTVEFV",31.7324088304304
1,"F20","LESSDSGLCTID",37.7662534825504
1,"F21","NNASFVEDLGADSLDTVELW",36.9797924300656
1,"F22","IDSSSTVSMSMV",3.17067902069539
1,"F23","NSASFVEDLGADSLDTVEEV",36.0278188250959
1,"F24","DLPSSESAEATFE",41.0204594489187
1,"F25","NNASFVEDLGADSRDTVELV",28.7985270144418
1,"F26","NGAESSSSKVVGCM",34.9930466967635
1,"F27","NEASFVDDLGADSLDTVTLV",7.76117047062144
1,"F28","RAESSETIVAPMV",33.5374937625602
1,"F29","NEASFEDDLGADSCDTVELV",36.0328750801273
1,"F30","PLDSTDSVDMGVE",29.0284380316734
1,"G1","NNASFVQDLGADSLDTVELV",1.78170524304733
1,"G2","VGLESTSSEIMGTN",41.1182536976412
1,"G3","NEASFVDDLFAESDDTVELV",14.898140123114
1,"G4","DSDSTSTISCTFE",33.3418903290294
1,"G5","NSASFVEILGADSLDTVELV",18.0917351855896
1,"G6","YPIDSTTSVMAPL",12.9299508524127
1,"G7","EATFVDDIGADSLDTVELSM",46.7071248102002
1,"G8","KDLPSTETQMMSNI",1.99105084175244
1,"G9","NNASFVEDLGADSLDTVTLV",35.0155564025044
1,"G10","MESTETPSIGQD",19.2682533874176
1,"G11","NEASFVDDLGADSYDTVELV",26.1762183741666
1,"G12","CPVDSSETQLAPVA",35.5724146473221
1,"G13","NSASFVEDLGMYSLDTVELV",15.6683106557466
1,"G14","YWAESTSTDEPGHE",11.8303202674724
1,"G15","ASFVEDAGADSSDTVELEDA",48.1198690249585
1,"G16","DMESTTSIDDGCL",46.3994126068428
1,"G17","NEASFVDDLGADSLDTFTLV",14.6145046921447
1,"G18","WELFSSTTVAGGM",5.44825337128714
1,"G19","NEASFVDDLGADSPDTVELV",48.9683561492711
1,"G20","EVDSSSTITLGH",6.73394515179098
1,"G21","NEASFDDDLGADSLDTVELV",9.66852846322581
1,"G22","IESTDSVTLSRD",34.9836317705922
1,"G23","NSASFVEDLGADSRITVELP",17.9583296063356
1,"G24","MSLDSSETNMYPTI",20.5456046853215
1,"G25","NHSFVEDLGADSSDTVELFM",20.0637296540663
1,"G26","NIESTSSMDMPSL",4.29574898444116
1,"G27","NSASFYEDIGDDSLDTVELV",16.3963445811532
1,"G28","VDSTSSECAGVE",11.0520257381722
1,"G29","NNASFEEDLGADSLDTVELV",11.3091883598827
1,"G30","QGMDSTESNMLGLV",19.0813412307762
1,"H1","NNASFCEDLPADSLDTVELV",44.7622313513421
1,"H2","TVESSDSLVNPRE",24.4225705391727
1,"H3","NEASFGDDLGADSLDTVELV",29.6454036026262
1,"H4","ADSSSSADMGLL",22.3509041243233
1,"H5","NSASFSEDLGADSLDTLETV",31.2772946548648
1,"H6","ADLESSETLECSCL",36.6107388748787
1,"H7","NNASFVEDLGADSGDTVEQY",46.2979840580374
1,"H8","GMESTSTADQSIE",23.5026607522741
1,"H9","STITSFNRYGLDSSASISLT",49.8184220166877
1,"H10","IESSSTLPISVE",46.1652219644748
1,"H11","ASFVDDLGADSLDTVELSMA",13.2184020476416
1,"H12","CIDSSDTAILSTL",36.6890341276303
1,"H13","SEKSFVDDLDIRSSSTVEIA",10.6603611726314
1,"H14","ADLDSTESVTIPC",40.4614603146911
1,"H15","NEASFVDDLGADSIDTVELV",43.0127843981609
1,"H16","RACSSSTLLITCE",25.7665324956179
1,"H17","NASFVEDKGADSLDTVELGM",17.2437817789614
1,"H18","VPADSSDTMSGTCE",30.400048091542
1,"H19","ASFVEDLRADSLDTVELTMA",38.3396906894632
1,"H20","NLESTDTNMASTI",35.768920823466
1,"H21","NSASFVFDLGADSLDTVELP",25.277800206095
1,"H22","VWMDSTDSILHSIA",28.0140379094519
1,"H23","TYFNRYGNDSSASISCTSDF",33.048422227148
1,"H24","NFAESSDSITVSRE",18.2243531104177
1,"H25","NNASFVEDLGADSLDTAELV",8.96703082835302
1,"H26","IADSTTTHDEGTD",47.1354558132589
1,"H27","NNASFREDLSADSLDTWELV",29.3672767700627
1,"H28","YELDSTDSGTVGR",43.9994857879356
1,"H29","STSTSFNRYGLDSSDSICLT",27.5225159712136
1,"H30","YAESSSTDERGLE",23.0617721099406
1,"I1","NEISFVDDLGADSLDTWELV",7.60981700150296
1,"I2","LGNDSTDSLTISVD",3.91620150767267
1,"I3","NNASFVEDLGADSLDTVEQF",35.4779528803192
1,"I4","APLDSTSSDTCPYI",44.1166378557682
1,"I5","TPFNRYGLDSSSSITLASDF",1.67091882321984
1,"I6","WPMDSSTSVEVSQL",43.7212853226811
1,"I7","NNASFVEDLTADSLDTVELV",33.8799721212126
1,"I8","LDSTETITATSA",18.4853098122403
1,"I9","RFNRYTLDSSSSISLTSDGG",8.23353462619707
1,"I10","LESSTTYEMPAI",10.6928462162614
1,"I11","NNASFVEDLGADSLDTEELV",13.3591166115366
1,"I12","IESSETVSMPAL",16.037736274302
1,"I13","STSTSFNRYGEDSSDSISLT",44.1881216247566
1,"I14","GVESTSTYEMGMV",27.3771793348715
1,"I15","NNASFVEDLGADSLDTFELV",0.426921562757343
1,"I16","GHESTSSALISCD",9.89444586448371
1,"I17","TSTSFNRYGLDSSDSISLTS",6.50041298940778
1,"I18","GADSTTSRDMTSV",28.7814623559825
1,"I19","NEASFVDILGADSMDTVTLV",45.6412579282187
1,"I20","FVDSSETMMVGRM",4.53405606094748
1,"I21","NNASFVNDLGAGSLDTVEVV",3.00068472279236
1,"I22","EMDSTDSVAIS",1.084655278828
1,"I23","SASFSEDLNADSLDTVELVM",13.4626955608837
1,"I24","AGLESSESMALPS",0.596440734807402
1,"I25","ASFVEGLGADSLSTVELSMA",24.0053214714862
1,"I26","MEIDSSDTPSCGPI",3.61028054030612
1,"I27","FSRYGLDSSESISLTSDFGD",48.9426368498243
1,"I28","EDSSETKLAGAD",2.21539197955281
1,"I29","NNASWVEDNGADSLDTQELW",22.385086491704
1,"I30","VESTDSLLMSRV",10.5212953756563
1,"J1","NRYGLDSSDSIKLTSDFGDY",13.872265140526
1,"J2","GGVESTDTIVISSD",19.6461178129539
1,"J3","SASFVEDLGADSLDTVMLVM",5.21555249579251
1,"J4","LTVESSSTLMGGSP",12.2320810100064
1,"J5","NSMSFVEDLGACSLDTVENV",34.7693522111513
1,"J6","EIESSDTVTITL",6.25622364459559
1,"J7","NEASFVDDDGADSLDTVELV",14.7246564622037
1,"J8","EMESTDSLCGGTA",9.59185740211979
1,"J9","NASFVEDLGADSLDTVYLTM",29.739013616927
1,"J10","MESSETMIKGML",25.2490733400919
1,"J11","STSTYFSRYGLDSSASISLT",5.33938158769161
1,"J12","PAESTSSMSDGVM",31.5229949774221
1,"J13","NNASFVEDLMADSLDTFELV",8.02266760729253
1,"J14","ADSTSTRVIGT",43.518944317475
1,"J15","NNASFVNDLGHDSFDTVELV",23.2195879332721
1,"J16","ADSTETIDGPAD",2.05565760843456
1,"J17","NSASFVECLGADSLDTVCLV",16.0313399741426
1,"J18","WLESSESIAPPMM",45.7651878008619
1,"J19","SSASFVEDLGADSLDTVENV",37.4565394013189
1,"J20","VVESSTTCDGTTE",38.4616486378945
1,"J21","NRASFSDDLGADSLDTVELV",6.31110466783866
1,"J22","INDDSSTTADLGYD",22.5170188001357
1,"J23","SFNRYGLDSSSSISLTSDFG",42.2710978775285
1,"J24","WPLDSSTTVWLTVM",7.83819480566308
1,"J25","NEASFHDDLHADSLETVEEV",5.87426193524152
1,"J26","DIGSSSSPCMTLL",32.8255143947899
1,"J27","NEASFVDDLGADSLDTVWLV",8.55479397578165
1,"A21","DSLEFIASKLA",34.1169229126535
1,"A22","DALEFIASKLA",5.64149564597756
1,"A23","GDSLSWLLRLLN",20.2542378450744
1,"A24","GDALSWLLRLLN",14.2713583307341
1,"A25","DSLDTVELVMA",31.6975454799831
1,"A26","DALDTVELVMA",43.2003507390618
1,"A27","NSASFVEDLNADSLDTVELV",42.7556457696483
1,"A28","NSASFVEDLNADALDTVELV",25.4993846639991
1,"A29","VEDLNADSLDTVELV",23.5624882741831
1,"A30","VEDLNADALDTVELV",1.96708040311933
1,"B1","ASFVEDLNADSLEFIASKLA",24.1022734669968
1,"B2","ASFVEDLNADALEFIASKLA",19.049784890376
1,"B3","DLNADSLEFIASKLA",49.0364881814457
1,"B4","DLNADALEFIASKLA",27.0464595174417
1,"B5","ASFVEDLNGDSLSWLLRLLN",36.5589840570465
1,"B6","ASFVEDLNGDALSWLLRLLN",28.8800084381364
1,"B7","DLNGDSLSWLLRLLN",17.4873844604008
1,"B8","DLNGDALSWLLRLLN",23.4367887605913
1,"B9","PDASFANDLNADSLDTVELV",37.4318542773835
1,"B10","PDASFANDLNADALDTVELV",23.8473419565707
1,"B11","ANDLNADSLDTVELV",7.29052616516128
1,"B12","ANDLNADALDTVELV",7.22914719954133
1,"B13","ASFANDLNADSLEFIASKLA",49.0496856276877
